,y_hat_cats,pred_cats,files,is_good_pred,logits
122,psi_10,psi_12_5,data/testData_PILed/psi_10/122.jpg,False,"[1.58644652e-05 3.90396686e-03 3.46243674e-08 3.70947200e-05
 6.51768714e-05 1.81646647e-06 1.23876939e-03 1.02294266e-07
 8.60252857e-01 3.64730880e-03 2.25494773e-07 9.90441870e-19
 6.16224120e-26 6.80914361e-28 9.55092272e-09 1.73022734e-08
 9.63040143e-02 8.07342294e-05 7.08208720e-14 1.35436686e-19
 5.89306697e-29 2.69183608e-27 5.23450044e-32 1.00449621e-28
 9.39471221e-20 5.24637105e-11 2.55359278e-18 6.21980731e-11
 8.96959682e-06 3.44427451e-02 2.45015855e-07]"
132,psi_10,psi_12_5,data/testData_PILed/psi_10/132.jpg,False,"[6.6182606e-06 7.5304769e-02 2.8148429e-06 4.4421889e-04 2.2376226e-03
 1.3159229e-04 9.5125670e-03 1.2520516e-07 7.2280961e-01 1.0222878e-03
 4.9290968e-08 1.5902788e-19 1.1144922e-26 2.4647527e-28 2.6352788e-07
 7.6976463e-08 1.4751554e-01 2.5534304e-05 9.0520725e-15 2.5025745e-20
 6.7219522e-30 2.4261802e-27 5.1265213e-32 9.7080904e-29 4.1109965e-20
 1.8375851e-11 9.4734572e-18 1.4927705e-10 7.9075780e-06 4.0976398e-02
 2.0344610e-06]"
73,psi_11,psi_10,data/testData_PILed/psi_11/110.jpg,False,"[1.10181915e-07 4.57629189e-03 2.86607431e-08 6.29441857e-01
 2.99884528e-01 5.74574951e-05 4.65044138e-07 1.14934179e-16
 4.27750871e-03 7.98508063e-06 2.36055508e-09 9.58384140e-21
 7.75626107e-28 1.36740171e-28 5.25206658e-12 1.81840694e-15
 2.59536682e-06 3.13283039e-07 9.73329993e-17 2.08840411e-22
 6.32242355e-33 2.02572913e-27 7.22123636e-32 4.21133317e-27
 1.01192003e-19 3.43189886e-11 2.35719698e-14 1.22732786e-07
 6.69389046e-05 5.38419671e-02 7.84180406e-03]"
110,psi_11,psi_10_5,data/testData_PILed/psi_11/73.jpg,False,"[1.5746150e-07 1.8720012e-02 2.3822052e-07 4.5452121e-01 4.5910597e-01
 2.5639447e-04 4.2180359e-06 3.1415397e-15 9.2864707e-03 1.1303443e-05
 2.4762981e-09 9.0823809e-21 7.5707752e-28 1.2465724e-28 8.0930991e-11
 4.2996080e-14 1.5625687e-05 4.5174980e-07 1.0928918e-16 2.7543845e-22
 1.1079442e-32 2.1783019e-27 7.8042016e-32 2.6447394e-27 7.4482302e-20
 2.3532773e-11 1.1109147e-14 5.9940426e-08 4.7357426e-05 5.3696606e-02
 4.3340074e-03]"
12,psi_12,psi_13,data/testData_PILed/psi_12/12.jpg,False,"[1.2521973e-03 1.8070974e-09 3.2128036e-17 9.8328545e-10 1.1555533e-11
 4.4341768e-15 6.6533978e-09 9.6580033e-10 2.9866266e-01 6.5560853e-01
 5.3681736e-04 1.3099341e-13 1.1453446e-20 8.5616462e-24 4.4223667e-16
 1.1899507e-12 7.6092285e-04 2.7256675e-02 6.2218497e-09 8.5609671e-15
 7.8944965e-23 3.0865770e-25 1.0842159e-29 2.9833490e-26 1.9576878e-16
 5.0862706e-08 5.5507976e-19 2.3046941e-11 5.6580135e-05 1.5865630e-02
 2.3237370e-10]"
25,psi_12,psi_13,data/testData_PILed/psi_12/113.jpg,False,"[1.1417109e-03 9.9960049e-09 7.5572502e-16 1.5999877e-09 3.7575890e-11
 5.1540739e-14 8.6173699e-08 2.7809161e-08 4.3897638e-01 5.2319992e-01
 3.1861602e-04 1.1435162e-13 1.4713375e-20 1.4436203e-23 1.4157695e-14
 3.8085889e-11 3.5497861e-03 2.0073619e-02 5.1117541e-09 9.9099399e-15
 1.6368606e-22 7.6631462e-25 2.8933140e-29 4.3103083e-26 1.6486848e-16
 2.6872611e-08 5.6957615e-19 1.5696501e-11 3.1637614e-05 1.2708187e-02
 1.8980068e-10]"
113,psi_12,psi_13,data/testData_PILed/psi_12/25.jpg,False,"[2.5627215e-03 1.1718000e-10 2.4370428e-18 2.3082255e-11 1.7878938e-13
 1.8247058e-16 3.7912580e-09 2.1795055e-08 1.3986795e-01 7.8214258e-01
 6.2464766e-04 3.7469021e-13 3.5843051e-20 1.2380396e-23 2.1832121e-16
 8.1956438e-12 8.7821187e-04 6.9219984e-02 2.7859025e-08 4.3505940e-14
 7.7958446e-22 1.5116139e-25 4.0171833e-30 8.0873797e-27 9.7065145e-17
 2.1768923e-08 2.3192742e-20 1.5332044e-12 1.1349450e-05 4.6924772e-03
 5.7034165e-12]"
2,psi_13,psi-NAN,data/testData_PILed/psi_13/178.jpg,False,"[5.7305527e-01 1.9227724e-14 1.0842130e-21 5.4021379e-16 1.0803955e-18
 6.2938157e-20 9.2170688e-11 2.0873864e-05 2.5114033e-03 9.4843343e-02
 1.3660222e-04 4.6855614e-12 9.2724391e-18 2.5450544e-22 6.7037016e-18
 1.2548005e-09 1.9040439e-04 3.2915893e-01 2.6815624e-06 2.2055916e-11
 3.6639490e-18 3.1215813e-25 3.4568885e-30 2.4770704e-27 2.7911003e-17
 2.4517901e-09 8.8921900e-24 1.9954267e-15 1.5187216e-07 8.0376936e-05
 1.5079913e-16]"
37,psi_13,psi-NAN,data/testData_PILed/psi_13/2.jpg,False,"[5.1269919e-01 1.5940913e-13 2.1154648e-20 3.1122665e-15 1.1008154e-17
 9.0026688e-19 6.4609401e-10 7.9740326e-05 5.0213765e-03 1.2965538e-01
 1.6759308e-04 7.6660388e-12 2.0018080e-17 8.5826966e-22 9.1538030e-17
 7.2781301e-09 5.8810710e-04 3.5162944e-01 2.8806246e-06 2.8996517e-11
 7.7163618e-18 1.5628208e-24 2.5180082e-29 1.4027203e-26 7.6700852e-17
 4.0780304e-09 5.2424733e-23 6.2734394e-15 2.7486286e-07 1.5597114e-04
 7.7164876e-16]"
78,psi_14,psi-NAN,data/testData_PILed/psi_14/118.jpg,False,"[7.51431406e-01 0.00000000e+00 0.00000000e+00 1.10954065e-29
 0.00000000e+00 0.00000000e+00 0.00000000e+00 7.55710624e-34
 1.58851610e-14 8.73827446e-08 1.48210919e-03 3.25881665e-05
 2.15830839e-10 5.94183753e-17 0.00000000e+00 0.00000000e+00
 4.09475963e-24 3.46043642e-04 2.45833188e-01 8.73098732e-04
 2.78749558e-11 6.27609911e-23 5.55904993e-28 1.40423331e-23
 3.89514202e-12 1.43558975e-06 2.01893566e-23 4.80695062e-16
 1.10474141e-09 1.71996003e-13 1.57336705e-25]"
118,psi_14,psi-NAN,data/testData_PILed/psi_14/78.jpg,False,"[7.58066297e-01 0.00000000e+00 0.00000000e+00 1.06367990e-29
 0.00000000e+00 0.00000000e+00 0.00000000e+00 8.03518898e-34
 1.62169235e-14 8.94660559e-08 1.47587759e-03 3.04992845e-05
 1.95336816e-10 5.27226493e-17 0.00000000e+00 0.00000000e+00
 4.25148972e-24 3.56434233e-04 2.39243761e-01 8.25601106e-04
 2.53360354e-11 5.51196426e-23 4.73119617e-28 1.20912395e-23
 3.52925154e-12 1.37349627e-06 1.77780407e-23 4.45921395e-16
 1.07984399e-09 1.73746827e-13 1.48696262e-25]"
126,psi_14,psi_3_5,data/testData_PILed/psi_14/126.jpg,False,"[1.2957299e-01 0.0000000e+00 0.0000000e+00 3.2488257e-32 0.0000000e+00
 0.0000000e+00 0.0000000e+00 0.0000000e+00 6.1441946e-18 1.9575802e-10
 1.8837165e-04 2.1306835e-03 1.6323216e-07 6.3068393e-14 0.0000000e+00
 0.0000000e+00 2.3463645e-29 1.3992305e-06 8.1584269e-01 5.2258637e-02
 1.5715671e-08 3.6004403e-20 1.5264222e-24 3.2254816e-20 8.5176904e-10
 5.0885719e-06 2.6510020e-21 2.6322667e-15 1.6059920e-10 2.6593648e-16
 6.5098897e-27]"
98,psi_15,psi_4,data/testData_PILed/psi_15/121.jpg,False,"[2.1471058e-04 9.8933260e-32 0.0000000e+00 1.3267012e-21 2.4645471e-28
 1.6937079e-36 3.5073328e-36 5.7414479e-35 6.0721039e-17 9.1692420e-13
 3.0576055e-07 9.0296857e-02 3.2310161e-01 5.7746209e-03 0.0000000e+00
 5.0779500e-37 1.6050908e-25 1.1176696e-10 1.7487665e-03 3.9964288e-01
 1.7405207e-01 1.2150907e-05 2.5258541e-06 4.6589230e-05 4.9753007e-03
 1.3146154e-04 3.1916450e-08 9.8421971e-08 9.2440846e-09 2.7621918e-15
 8.9402971e-17]"
121,psi_15,psi_4,data/testData_PILed/psi_15/98.jpg,False,"[4.64260054e-04 2.06807754e-31 0.00000000e+00 2.03217678e-21
 3.00513947e-28 2.58214618e-36 1.27998779e-35 3.37797289e-34
 2.07528498e-16 3.97032103e-12 9.47166711e-07 1.33768573e-01
 2.23726004e-01 2.33529811e-03 0.00000000e+00 2.06078782e-36
 6.95011307e-25 5.04294106e-10 4.57389606e-03 5.22726655e-01
 1.08375385e-01 3.31527576e-06 4.63368053e-07 1.27971571e-05
 3.81363090e-03 1.98637223e-04 1.49363490e-08 8.12616463e-08
 1.62124199e-08 8.80647958e-15 9.87335749e-17]"
53,psi_4,psi_14,data/testData_PILed/psi_4/139.jpg,False,"[8.8287662e-11 0.0000000e+00 0.0000000e+00 0.0000000e+00 0.0000000e+00
 0.0000000e+00 0.0000000e+00 0.0000000e+00 7.2026976e-33 8.4298396e-25
 9.7579635e-12 5.2422637e-01 3.6294651e-01 3.3030079e-05 0.0000000e+00
 0.0000000e+00 0.0000000e+00 1.1159953e-20 1.2489047e-05 1.9727329e-02
 9.0757167e-05 6.2998939e-11 4.9656390e-10 2.3655775e-06 9.2921250e-02
 3.9870007e-05 5.2174021e-10 1.7519727e-10 3.1511306e-14 1.4510801e-28
 1.8308627e-28]"
104,psi_4,psi_14_5,data/testData_PILed/psi_4/104.jpg,False,"[9.28846305e-11 0.00000000e+00 0.00000000e+00 0.00000000e+00
 0.00000000e+00 0.00000000e+00 0.00000000e+00 0.00000000e+00
 1.34310929e-36 1.19071081e-27 3.07853786e-14 7.14258477e-02
 8.53357136e-01 1.15805466e-04 0.00000000e+00 0.00000000e+00
 0.00000000e+00 3.19019894e-23 1.16294973e-06 6.78033829e-02
 5.05253673e-03 1.33376574e-10 1.67234906e-10 2.23275052e-07
 2.24376074e-03 2.27519863e-07 2.37790419e-13 1.67683101e-13
 3.68075719e-17 1.83717557e-32 1.98490652e-33]"
139,psi_4,psi_14,data/testData_PILed/psi_4/53.jpg,False,"[7.90860599e-10 0.00000000e+00 0.00000000e+00 9.41610120e-35
 0.00000000e+00 0.00000000e+00 0.00000000e+00 0.00000000e+00
 5.60288711e-29 1.58793929e-21 1.64257052e-09 8.24295521e-01
 3.71772833e-02 2.31828653e-06 0.00000000e+00 0.00000000e+00
 0.00000000e+00 8.30784969e-18 1.13333386e-04 7.96596613e-03
 3.82727876e-06 5.68997540e-12 2.75363569e-11 3.80790794e-07
 1.29842684e-01 5.98712533e-04 5.33646416e-09 3.81526100e-09
 4.47061268e-12 7.38374744e-25 4.22517796e-25]"
0,psi_5,psi_14,data/testData_PILed/psi_5/58.jpg,False,"[3.22278879e-07 0.00000000e+00 0.00000000e+00 3.62103849e-34
 0.00000000e+00 0.00000000e+00 0.00000000e+00 0.00000000e+00
 4.88376946e-26 1.35002659e-18 8.18202839e-09 7.85973191e-01
 4.81883548e-02 3.54246049e-06 0.00000000e+00 0.00000000e+00
 0.00000000e+00 3.39055536e-15 1.62154657e-03 1.61595061e-01
 5.61708875e-04 1.03376726e-11 2.24778746e-12 4.77479256e-09
 2.01846310e-03 3.77276592e-05 2.96414390e-12 4.05419621e-11
 2.30414017e-12 5.39840868e-23 5.78135203e-26]"
1,psi_5,psi_14,data/testData_PILed/psi_5/24.jpg,False,"[1.37857965e-03 5.69525585e-24 1.48327716e-33 1.92547682e-14
 1.84542428e-20 5.74249416e-29 1.17340761e-28 3.48673254e-30
 8.00812541e-11 1.78843990e-07 1.39497025e-02 4.75589812e-01
 2.89708935e-03 9.74658542e-06 2.67693675e-34 3.35858249e-32
 2.96554150e-19 6.09379822e-06 1.39457449e-01 1.95892248e-02
 1.34110178e-05 1.34704727e-08 5.08487430e-09 2.19536423e-06
 7.10875615e-02 2.75253415e-01 2.95879399e-05 3.28174297e-04
 4.07679152e-04 5.46059331e-09 1.89466026e-10]"
3,psi_5,psi_14,data/testData_PILed/psi_5/26.jpg,False,"[8.00388733e-09 0.00000000e+00 0.00000000e+00 3.20484044e-37
 0.00000000e+00 0.00000000e+00 0.00000000e+00 0.00000000e+00
 8.07475018e-30 5.24516923e-22 1.18114934e-10 5.68664908e-01
 3.05892944e-01 3.69126501e-05 0.00000000e+00 0.00000000e+00
 0.00000000e+00 2.92252444e-18 1.10956513e-04 1.13817833e-01
 1.22738571e-03 1.05743934e-10 1.06570662e-10 1.89112100e-07
 1.02301128e-02 1.87722235e-05 1.80404858e-11 3.83983435e-11
 1.10324605e-13 3.00974409e-26 9.05151444e-28]"
4,psi_5,psi_4,data/testData_PILed/psi_5/146.jpg,False,"[3.3208109e-03 1.9011293e-38 0.0000000e+00 1.6212945e-26 8.0795262e-36
 0.0000000e+00 0.0000000e+00 0.0000000e+00 2.1899385e-17 2.6137873e-11
 4.0130799e-05 1.9313915e-01 1.6082391e-03 9.0631147e-08 0.0000000e+00
 0.0000000e+00 6.0397100e-28 1.9803034e-08 2.3609801e-01 5.6540692e-01
 1.6414163e-04 1.7483882e-12 1.0068541e-14 1.2471650e-11 3.4609795e-05
 1.8783464e-04 1.6408672e-13 1.2183123e-10 3.9291481e-09 1.3959086e-15
 3.0130122e-21]"
5,psi_5,psi_14_5,data/testData_PILed/psi_5/180.jpg,False,"[4.8284270e-09 0.0000000e+00 0.0000000e+00 3.5316137e-33 0.0000000e+00
 0.0000000e+00 0.0000000e+00 0.0000000e+00 9.4185408e-28 5.2402263e-21
 2.8425479e-10 3.8597414e-01 5.0007105e-01 2.6427000e-04 0.0000000e+00
 0.0000000e+00 0.0000000e+00 1.4120272e-17 5.6623870e-05 4.4824347e-02
 9.9388650e-04 5.2038240e-09 2.2924205e-08 1.6538312e-05 6.7713924e-02
 8.5237582e-05 5.7061111e-09 2.7006251e-09 2.2587871e-12 2.8187558e-24
 2.2732350e-24]"
6,psi_5,psi_14,data/testData_PILed/psi_5/147.jpg,False,"[2.5574505e-05 2.3278770e-33 0.0000000e+00 3.8733013e-20 2.5533948e-28
 0.0000000e+00 0.0000000e+00 0.0000000e+00 7.7808732e-16 2.9080231e-11
 2.5099269e-04 7.9121524e-01 4.9516144e-03 4.2711131e-06 0.0000000e+00
 0.0000000e+00 2.6894240e-27 4.2499906e-09 2.8784964e-02 1.5141958e-02
 6.9034213e-06 7.4948281e-10 5.3471966e-10 8.2904637e-07 9.6385054e-02
 6.3213393e-02 2.5419652e-06 1.3796583e-05 2.8683623e-06 2.5249995e-13
 1.4654070e-14]"
7,psi_5,psi_14_5,data/testData_PILed/psi_5/87.jpg,False,"[6.3522473e-12 0.0000000e+00 0.0000000e+00 0.0000000e+00 0.0000000e+00
 0.0000000e+00 0.0000000e+00 0.0000000e+00 1.5038898e-34 3.3396700e-27
 1.7577602e-14 1.1217488e-02 9.5530546e-01 2.1024277e-03 0.0000000e+00
 0.0000000e+00 0.0000000e+00 2.5188726e-23 4.9303779e-08 3.8543206e-03
 1.3460850e-03 7.8415709e-08 1.5040662e-06 4.1962424e-04 2.5751732e-02
 1.1479253e-06 2.6409228e-09 9.5747861e-11 1.0459330e-15 2.0244503e-30
 1.7897243e-28]"
8,psi_5,psi_14_5,data/testData_PILed/psi_5/115.jpg,False,"[9.0614927e-14 0.0000000e+00 0.0000000e+00 0.0000000e+00 0.0000000e+00
 0.0000000e+00 0.0000000e+00 0.0000000e+00 0.0000000e+00 1.5348994e-31
 1.6472587e-17 9.9773752e-04 9.7736663e-01 9.2771575e-03 0.0000000e+00
 0.0000000e+00 0.0000000e+00 2.5553048e-27 3.9926831e-10 6.3161476e-04
 1.9471067e-03 6.1648137e-07 1.7972157e-05 1.7285123e-03 8.0326013e-03
 4.4436000e-08 8.1512735e-10 6.4876711e-12 3.7971118e-18 8.1360883e-35
 1.1455329e-31]"
9,psi_5,psi_4,data/testData_PILed/psi_5/90.jpg,False,"[4.8312772e-02 5.2592143e-33 0.0000000e+00 9.3858047e-24 1.7527565e-31
 0.0000000e+00 1.4842770e-35 1.8900410e-31 1.9296075e-15 3.1128339e-10
 1.9720737e-05 2.4734886e-02 1.7921344e-03 6.2505114e-07 0.0000000e+00
 5.0537590e-35 1.6695280e-23 1.7090262e-07 8.3614506e-02 8.4002346e-01
 1.4518268e-03 8.4106770e-11 2.3994966e-13 4.4806405e-11 6.3378029e-06
 4.3422355e-05 1.8265832e-13 1.5148129e-10 7.6339237e-09 5.2442598e-14
 1.4251799e-19]"
10,psi_5,psi_14,data/testData_PILed/psi_5/84.jpg,False,"[1.52900341e-08 0.00000000e+00 0.00000000e+00 6.51532021e-36
 0.00000000e+00 0.00000000e+00 0.00000000e+00 0.00000000e+00
 1.13351991e-28 4.34694923e-21 3.95165067e-10 6.52600825e-01
 2.28037298e-01 2.92906752e-05 0.00000000e+00 0.00000000e+00
 0.00000000e+00 1.79787028e-17 1.95792454e-04 1.07017644e-01
 9.16333753e-04 1.06798556e-10 1.03632429e-10 1.78888655e-07
 1.11699179e-02 3.27021735e-05 3.47533217e-11 8.63791400e-11
 3.78345169e-13 3.25946060e-25 8.34264318e-27]"
11,psi_5,psi_4,data/testData_PILed/psi_5/156.jpg,False,"[8.9568255e-04 5.0262711e-37 0.0000000e+00 3.7647418e-25 5.8994719e-34
 0.0000000e+00 0.0000000e+00 0.0000000e+00 2.3575700e-17 1.0736631e-11
 1.8221457e-05 3.5868055e-01 8.9504430e-03 1.7960485e-06 0.0000000e+00
 0.0000000e+00 9.5160969e-28 4.8404942e-09 9.3627751e-02 5.3632873e-01
 8.3740847e-04 8.2188707e-11 1.9548458e-12 1.1174460e-09 3.1588622e-04
 3.4353344e-04 1.0995437e-11 1.4415223e-09 6.9377091e-09 1.7279122e-15
 7.2935481e-20]"
13,psi_5,psi_14,data/testData_PILed/psi_5/31.jpg,False,"[1.04868905e-08 0.00000000e+00 0.00000000e+00 1.28208771e-30
 0.00000000e+00 0.00000000e+00 0.00000000e+00 0.00000000e+00
 1.08790143e-25 2.83945410e-19 7.21170723e-09 6.81868196e-01
 1.32357731e-01 4.65527883e-05 0.00000000e+00 0.00000000e+00
 0.00000000e+00 4.97538895e-16 2.12524174e-04 2.18908340e-02
 7.91493949e-05 9.00027552e-10 4.18409840e-09 8.51822006e-06
 1.62746295e-01 7.89968122e-04 6.03642292e-08 3.34589210e-08
 5.91450153e-11 3.55805929e-22 3.20460720e-22]"
14,psi_5,psi_14_5,data/testData_PILed/psi_5/7.jpg,False,"[1.0420482e-09 0.0000000e+00 0.0000000e+00 1.1954883e-33 0.0000000e+00
 0.0000000e+00 0.0000000e+00 0.0000000e+00 4.3986212e-29 1.2188787e-22
 5.9442837e-12 4.2091001e-02 8.9977366e-01 2.7148260e-03 0.0000000e+00
 0.0000000e+00 0.0000000e+00 2.6383189e-19 2.2060069e-06 1.9537058e-02
 4.9119410e-03 2.4659388e-07 1.5630642e-06 2.5969898e-04 3.0697908e-02
 9.9313538e-06 1.0194174e-08 1.3608769e-09 2.2649471e-13 1.1710337e-25
 9.5077392e-25]"
15,psi_5,psi_14_5,data/testData_PILed/psi_5/64.jpg,False,"[1.9072963e-13 0.0000000e+00 0.0000000e+00 1.4683038e-38 0.0000000e+00
 0.0000000e+00 0.0000000e+00 0.0000000e+00 4.8027213e-36 3.7448167e-29
 8.0698645e-16 1.8472216e-03 8.8049489e-01 7.8816852e-03 0.0000000e+00
 0.0000000e+00 0.0000000e+00 2.5964092e-25 1.3084939e-09 4.1850351e-04
 3.2267725e-04 1.3896067e-06 1.4261152e-04 2.6629345e-02 8.2260422e-02
 1.0281674e-06 2.0936352e-07 8.4836987e-10 5.4871753e-16 1.4182076e-31
 1.4335164e-27]"
16,psi_5,psi-NAN,data/testData_PILed/psi_5/0.jpg,False,"[8.6499095e-01 1.3873962e-16 6.0870641e-23 1.3752604e-13 1.4708759e-17
 1.0590789e-20 3.3064754e-16 1.2748134e-12 2.0941254e-06 1.0797033e-03
 1.3999022e-02 4.2909905e-04 1.6911181e-06 1.7383233e-09 8.6203400e-21
 1.7573834e-15 1.0948484e-09 4.3821622e-02 7.0833772e-02 4.6001398e-03
 1.2520560e-06 5.2337527e-12 1.2798285e-14 9.5031990e-13 1.6704846e-07
 2.1075751e-04 1.4216012e-12 9.9048609e-09 2.6362219e-05 3.3435988e-06
 2.7910046e-12]"
17,psi_5,psi_14_5,data/testData_PILed/psi_5/151.jpg,False,"[1.16664928e-07 0.00000000e+00 0.00000000e+00 1.69930345e-31
 0.00000000e+00 0.00000000e+00 0.00000000e+00 0.00000000e+00
 1.25048949e-25 2.68257981e-19 6.48132270e-10 2.03948691e-01
 6.23288929e-01 8.40644294e-04 0.00000000e+00 0.00000000e+00
 0.00000000e+00 3.43819117e-16 1.10661691e-04 1.44686669e-01
 1.37724001e-02 4.37455938e-08 4.60541898e-08 9.80779987e-06
 1.33114960e-02 3.05291433e-05 1.05721432e-09 1.12756238e-09
 4.37686259e-12 1.00868836e-22 1.30060231e-23]"
18,psi_5,psi_14_5,data/testData_PILed/psi_5/69.jpg,False,"[2.7918730e-09 0.0000000e+00 0.0000000e+00 1.5864385e-34 0.0000000e+00
 0.0000000e+00 0.0000000e+00 0.0000000e+00 9.5268652e-29 1.1091645e-21
 1.5583419e-10 4.3329230e-01 4.6332872e-01 1.5800034e-04 0.0000000e+00
 0.0000000e+00 0.0000000e+00 4.1263694e-18 4.9913218e-05 4.4843826e-02
 7.3726341e-04 1.7576178e-09 7.2770687e-09 7.5234898e-06 5.7518706e-02
 6.3655403e-05 2.0318844e-09 1.0962553e-09 8.3714773e-13 3.8417864e-25
 2.2468004e-25]"
19,psi_5,psi_14_5,data/testData_PILed/psi_5/159.jpg,False,"[1.4774406e-14 0.0000000e+00 0.0000000e+00 0.0000000e+00 0.0000000e+00
 0.0000000e+00 0.0000000e+00 0.0000000e+00 0.0000000e+00 1.8549927e-33
 6.5084334e-19 3.8348488e-04 9.4901252e-01 3.5849355e-02 0.0000000e+00
 0.0000000e+00 0.0000000e+00 4.4176683e-29 4.4522639e-11 2.4430332e-04
 2.8580930e-03 4.5887277e-06 1.4683377e-04 5.3001298e-03 6.2006880e-03
 1.3307060e-08 1.1581541e-09 4.0173455e-12 4.5940567e-19 1.2448731e-36
 8.9686913e-33]"
20,psi_5,psi_14_5,data/testData_PILed/psi_5/88.jpg,False,"[3.2830222e-13 0.0000000e+00 0.0000000e+00 0.0000000e+00 0.0000000e+00
 0.0000000e+00 0.0000000e+00 0.0000000e+00 1.7906850e-38 1.5237346e-30
 8.7355931e-17 1.7671424e-03 9.8354936e-01 3.9951745e-03 0.0000000e+00
 0.0000000e+00 0.0000000e+00 2.2366479e-26 1.5711278e-09 1.3651669e-03
 2.1197337e-03 1.5036065e-07 3.0283577e-06 5.0616340e-04 6.6940021e-03
 6.4327551e-08 2.7401700e-10 4.4651292e-12 8.1063890e-18 5.0671406e-34
 1.6346842e-31]"
21,psi_5,psi_14_5,data/testData_PILed/psi_5/80.jpg,False,"[2.3575681e-13 0.0000000e+00 0.0000000e+00 0.0000000e+00 0.0000000e+00
 0.0000000e+00 0.0000000e+00 0.0000000e+00 2.6293442e-36 3.2796688e-29
 8.8827043e-16 2.5397949e-03 9.1448009e-01 5.5582887e-03 0.0000000e+00
 0.0000000e+00 0.0000000e+00 2.7024121e-25 2.0474316e-09 5.8766571e-04
 3.7441187e-04 6.1652918e-07 5.0432402e-05 1.1079982e-02 6.5327741e-02
 8.7277175e-07 6.9343059e-08 4.0443626e-10 3.6327385e-16 7.8194225e-32
 3.5440058e-28]"
22,psi_5,psi_14,data/testData_PILed/psi_5/142.jpg,False,"[2.2810967e-08 0.0000000e+00 0.0000000e+00 8.0047420e-36 0.0000000e+00
 0.0000000e+00 0.0000000e+00 0.0000000e+00 4.1478512e-28 2.1974942e-20
 1.4471511e-09 8.3725828e-01 7.4898869e-02 4.5272063e-06 0.0000000e+00
 0.0000000e+00 0.0000000e+00 8.7943586e-17 4.6506425e-04 8.1086688e-02
 2.3758369e-04 8.8866154e-12 5.8057396e-12 1.8563693e-08 6.0067303e-03
 4.2303149e-05 9.7929121e-12 5.2041645e-11 6.0067798e-13 1.0997821e-24
 7.4746350e-27]"
23,psi_5,psi_6_5,data/testData_PILed/psi_5/94.jpg,False,"[2.32349673e-09 0.00000000e+00 0.00000000e+00 5.30921950e-29
 0.00000000e+00 0.00000000e+00 0.00000000e+00 0.00000000e+00
 1.21399691e-25 8.94216169e-20 3.51117024e-09 2.59691805e-01
 1.07383497e-01 1.06561485e-04 0.00000000e+00 0.00000000e+00
 0.00000000e+00 1.31673694e-16 4.08478481e-05 5.37226303e-03
 2.08790825e-05 6.63266242e-09 8.31375431e-08 1.68408777e-04
 6.25439882e-01 1.77117216e-03 4.01504667e-06 5.03219212e-07
 2.00005415e-10 6.69603463e-22 1.48972934e-20]"
24,psi_5,psi_4,data/testData_PILed/psi_5/76.jpg,False,"[2.2709815e-04 3.4753339e-37 0.0000000e+00 4.5131171e-25 1.3160146e-33
 0.0000000e+00 0.0000000e+00 0.0000000e+00 2.3666158e-18 5.8743733e-13
 1.6314408e-06 3.3547175e-01 5.9304252e-02 5.1869607e-05 0.0000000e+00
 0.0000000e+00 8.5953369e-29 2.0914297e-10 1.6445376e-02 5.7832795e-01
 8.5767647e-03 6.1614833e-09 4.2452972e-10 8.3435452e-08 1.3871493e-03
 2.0606339e-04 1.9074420e-10 4.5313970e-09 2.7849958e-09 2.1295066e-16
 1.4548843e-19]"
26,psi_5,psi_14,data/testData_PILed/psi_5/140.jpg,False,"[2.4997655e-05 1.1717243e-34 0.0000000e+00 4.8422812e-22 2.3979805e-30
 0.0000000e+00 0.0000000e+00 0.0000000e+00 1.1731126e-16 1.0756637e-11
 4.7259033e-05 8.8735181e-01 1.1554556e-02 6.8972736e-06 0.0000000e+00
 0.0000000e+00 1.2785394e-27 1.7384629e-09 2.9105883e-02 4.9787294e-02
 9.4209434e-05 6.8951089e-10 3.0951680e-10 2.1036769e-07 1.6417574e-02
 5.6088269e-03 3.7329624e-08 3.8326206e-07 1.2955854e-07 1.8426195e-14
 1.3352570e-16]"
27,psi_5,psi-NAN,data/testData_PILed/psi_5/49.jpg,False,"[9.0569514e-01 1.7785930e-19 1.6096159e-27 1.7797360e-16 3.5740705e-21
 7.9955924e-25 1.2434124e-18 4.0307625e-14 5.9783423e-07 9.7302976e-04
 6.9086542e-03 8.7249600e-06 2.7327520e-09 3.1293826e-13 1.1214807e-24
 7.7151103e-18 1.0889056e-10 7.1424626e-02 1.4848660e-02 1.2630264e-04
 1.4787234e-09 2.1331956e-16 6.5475720e-20 2.0473220e-17 2.9419581e-10
 1.1411271e-05 1.2793310e-16 2.9524012e-11 2.2355557e-06 6.4803811e-07
 3.7535151e-15]"
28,psi_5,psi_14_5,data/testData_PILed/psi_5/36.jpg,False,"[1.3509686e-10 0.0000000e+00 0.0000000e+00 7.2107699e-35 0.0000000e+00
 0.0000000e+00 0.0000000e+00 0.0000000e+00 1.3997372e-30 8.0073168e-24
 4.5321897e-12 8.3328359e-02 7.7705878e-01 1.0259352e-03 0.0000000e+00
 0.0000000e+00 0.0000000e+00 3.2672161e-20 1.8023735e-06 1.0026995e-02
 6.3077407e-04 4.0609791e-08 6.5940247e-07 3.4348338e-04 1.2755448e-01
 2.8668241e-05 4.1651479e-08 3.1941312e-09 1.9210523e-13 1.0564947e-26
 2.9505617e-25]"
29,psi_5,psi_6_5,data/testData_PILed/psi_5/41.jpg,False,"[1.09844135e-04 7.67796572e-18 4.26849756e-24 6.81245560e-10
 6.11467528e-14 1.51290639e-20 1.31799939e-22 1.04871686e-25
 5.72167036e-10 4.53159998e-08 6.74674520e-04 8.47873241e-02
 1.52037637e-02 1.47411716e-03 7.32499444e-26 3.91606361e-26
 1.62379617e-16 7.35466699e-07 4.25960310e-03 5.07757254e-03
 9.04370463e-05 5.09552301e-05 1.46042308e-04 1.06994389e-02
 6.05090499e-01 1.47208735e-01 9.41746831e-02 2.98864543e-02
 1.06376351e-03 4.94486407e-08 1.22370761e-06]"
30,psi_5,psi_14,data/testData_PILed/psi_5/30.jpg,False,"[1.49984718e-08 0.00000000e+00 0.00000000e+00 9.80362504e-36
 0.00000000e+00 0.00000000e+00 0.00000000e+00 0.00000000e+00
 1.39154313e-28 4.79283755e-21 4.09383444e-10 6.44837737e-01
 2.37611979e-01 3.28650531e-05 0.00000000e+00 0.00000000e+00
 0.00000000e+00 1.91193997e-17 1.90139894e-04 1.04096048e-01
 9.33266594e-04 1.30972400e-10 1.35664494e-10 2.23610144e-07
 1.22626051e-02 3.50455775e-05 4.52556881e-11 1.04753844e-10
 4.31315384e-13 3.96036475e-25 1.18009231e-26]"
31,psi_5,psi_14,data/testData_PILed/psi_5/149.jpg,False,"[2.51221907e-04 7.30384066e-24 4.97578824e-33 7.33649320e-14
 1.04317634e-19 2.31188895e-28 3.72022408e-29 1.28240168e-31
 1.57293848e-11 1.80392572e-08 2.72551645e-03 3.63978505e-01
 6.52736472e-03 5.63409230e-05 2.33282456e-34 3.89396720e-33
 3.86097860e-20 6.38545600e-07 3.38511430e-02 1.13314055e-02
 1.85028966e-05 1.66156198e-07 1.66316312e-07 5.62157111e-05
 2.83757508e-01 2.94807404e-01 7.14021327e-04 1.58316200e-03
 3.40722210e-04 1.80280357e-09 9.94033522e-10]"
32,psi_5,psi_14,data/testData_PILed/psi_5/3.jpg,False,"[1.4603242e-07 0.0000000e+00 0.0000000e+00 3.9679265e-35 0.0000000e+00
 0.0000000e+00 0.0000000e+00 0.0000000e+00 1.4520714e-27 3.1738536e-20
 4.3106338e-10 3.9993301e-01 3.1548363e-01 7.9770740e-05 0.0000000e+00
 0.0000000e+00 0.0000000e+00 9.7261418e-17 2.6714668e-04 2.7344316e-01
 7.1167848e-03 5.8079425e-10 2.0117016e-10 1.4317075e-07 3.6630295e-03
 1.3177879e-05 9.5775315e-12 3.9677858e-11 4.3803641e-13 1.8858300e-24
 1.4440569e-26]"
33,psi_5,psi_4,data/testData_PILed/psi_5/106.jpg,False,"[3.1023847e-05 0.0000000e+00 0.0000000e+00 5.9768539e-32 0.0000000e+00
 0.0000000e+00 0.0000000e+00 0.0000000e+00 4.6087021e-23 4.9906895e-16
 9.5307932e-08 3.6404389e-01 2.1264352e-02 1.6411207e-06 0.0000000e+00
 0.0000000e+00 1.5083487e-36 1.0023294e-12 1.0790277e-02 6.0219187e-01
 1.4373444e-03 1.0454019e-11 2.7958880e-13 3.4930561e-10 2.1033117e-04
 2.9122259e-05 2.2394700e-13 1.9081308e-11 1.6257509e-11 1.4900772e-20
 6.7449959e-25]"
34,psi_5,psi_14,data/testData_PILed/psi_5/120.jpg,False,"[6.16064572e-05 1.52515349e-31 0.00000000e+00 1.90796042e-20
 8.06705079e-28 3.80473429e-37 1.77149381e-36 1.78092578e-36
 1.41363997e-15 4.12444939e-11 3.14362296e-05 7.88416505e-01
 4.41415235e-02 8.05038362e-05 0.00000000e+00 0.00000000e+00
 3.69860172e-25 4.14995771e-09 2.39136554e-02 1.19796328e-01
 1.34438847e-03 2.62977178e-08 1.30242999e-08 2.39531164e-06
 1.89460739e-02 3.26466025e-03 1.09355845e-07 6.85864563e-07
 1.71592106e-07 1.05749292e-13 1.40122691e-15]"
35,psi_5,psi_6,data/testData_PILed/psi_5/52.jpg,False,"[6.0281411e-07 1.7321723e-27 2.7964784e-35 7.9434664e-17 2.5336920e-22
 9.1681290e-31 1.3135173e-33 2.2000180e-36 1.6865977e-16 9.5948308e-14
 7.4597537e-08 1.6404279e-02 3.0785623e-01 6.2362775e-02 5.9788289e-37
 8.7534707e-37 4.0792855e-25 4.1275243e-12 2.3764342e-05 6.4830543e-03
 5.3016897e-03 2.4933717e-03 2.8819084e-02 3.1072089e-01 2.5397283e-01
 1.6145033e-03 3.7701030e-03 1.7663487e-04 1.7489903e-07 2.0530525e-14
 5.1825579e-12]"
36,psi_5,psi_4,data/testData_PILed/psi_5/179.jpg,False,"[1.5696228e-04 4.9945242e-38 0.0000000e+00 1.3493327e-25 2.6734633e-34
 0.0000000e+00 0.0000000e+00 0.0000000e+00 7.4946529e-19 2.3061891e-13
 9.6735312e-07 3.3705541e-01 6.8725832e-02 5.9906841e-05 0.0000000e+00
 0.0000000e+00 1.4966803e-29 9.0513042e-11 1.2621816e-02 5.7005310e-01
 9.6815443e-03 6.3833530e-09 4.7784188e-10 9.5389417e-08 1.4760697e-03
 1.6833172e-04 1.6787079e-10 3.5036378e-09 1.6766800e-09 7.6907349e-17
 6.2097282e-20]"
38,psi_5,psi_14_5,data/testData_PILed/psi_5/130.jpg,False,"[4.6769764e-14 0.0000000e+00 0.0000000e+00 0.0000000e+00 0.0000000e+00
 0.0000000e+00 0.0000000e+00 0.0000000e+00 0.0000000e+00 1.2329871e-33
 2.5246410e-19 3.1683370e-04 8.9799869e-01 8.3107039e-02 0.0000000e+00
 0.0000000e+00 0.0000000e+00 3.1629472e-29 4.5884303e-11 4.4089474e-04
 1.4366724e-02 1.2148663e-05 1.0924989e-04 1.6837129e-03 1.9646641e-03
 4.1696020e-09 1.4407911e-10 9.2928421e-13 1.4641799e-19 4.1653456e-37
 8.2517169e-34]"
39,psi_5,psi_14,data/testData_PILed/psi_5/17.jpg,False,"[2.95006419e-09 0.00000000e+00 0.00000000e+00 4.44917522e-33
 0.00000000e+00 0.00000000e+00 0.00000000e+00 0.00000000e+00
 8.69717126e-28 6.05684384e-21 7.11083414e-10 5.80313385e-01
 2.65335381e-01 8.08533150e-05 0.00000000e+00 0.00000000e+00
 0.00000000e+00 1.84029488e-17 8.03981238e-05 2.72833146e-02
 1.80098112e-04 9.90850402e-10 5.45001022e-09 9.67168489e-06
 1.26479626e-01 2.37233544e-04 1.36476475e-08 6.08835027e-09
 4.97154835e-12 4.12040905e-24 4.29603630e-24]"
40,psi_5,psi_14_5,data/testData_PILed/psi_5/13.jpg,False,"[1.1455909e-11 0.0000000e+00 0.0000000e+00 1.6206532e-37 0.0000000e+00
 0.0000000e+00 0.0000000e+00 0.0000000e+00 1.0170013e-33 7.1550046e-27
 6.4357525e-15 3.2375888e-03 9.6162724e-01 1.2404461e-02 0.0000000e+00
 0.0000000e+00 0.0000000e+00 2.9875522e-23 1.4530981e-08 2.5863166e-03
 5.4202452e-03 2.3993643e-06 3.2905024e-05 2.0394074e-03 1.2648876e-02
 4.7873101e-07 6.9436674e-09 1.6042064e-10 1.1888381e-15 8.1028770e-30
 1.8545710e-27]"
41,psi_5,psi_14,data/testData_PILed/psi_5/34.jpg,False,"[3.23784625e-05 1.70758260e-33 0.00000000e+00 1.15481148e-21
 1.59496385e-29 0.00000000e+00 0.00000000e+00 0.00000000e+00
 1.75223787e-16 1.00305103e-11 1.86056604e-05 8.24233115e-01
 3.44523191e-02 3.98169177e-05 0.00000000e+00 0.00000000e+00
 1.05706344e-26 1.35380462e-09 2.03819759e-02 1.02235988e-01
 7.79207679e-04 7.44758788e-09 3.59860297e-09 9.79479751e-07
 1.53418127e-02 2.48330040e-03 4.11269170e-08 2.95310087e-07
 6.93446793e-08 1.75577919e-14 1.73581191e-16]"
42,psi_5,psi-NAN,data/testData_PILed/psi_5/141.jpg,False,"[6.3607526e-01 3.2990451e-13 2.1771433e-18 1.9643812e-10 1.2818978e-13
 1.6844354e-16 2.3983105e-13 4.5260070e-11 3.6858386e-05 4.8560407e-03
 6.2613226e-02 5.9981341e-03 7.3789670e-05 4.4090325e-07 5.6403011e-17
 3.3417683e-13 4.3836017e-08 7.0519164e-02 1.9584323e-01 1.9323478e-02
 3.9244864e-05 5.0001967e-09 7.0481593e-11 2.2798665e-09 2.4648298e-05
 3.8972935e-03 4.3462185e-09 2.4407843e-06 6.3129526e-04 6.5383007e-05
 3.2892127e-09]"
43,psi_5,psi_4,data/testData_PILed/psi_5/103.jpg,False,"[1.37489766e-01 7.93128020e-32 0.00000000e+00 3.66849319e-23
 1.00544640e-30 6.09778390e-38 6.77249637e-34 1.94283886e-29
 1.90491933e-14 2.51275489e-09 7.26093349e-05 1.70660540e-02
 5.62208705e-04 1.18952393e-07 0.00000000e+00 3.57655654e-33
 4.31304008e-22 1.52142366e-06 1.62591323e-01 6.81727111e-01
 4.36054223e-04 1.38213703e-11 2.39130107e-14 5.53879902e-12
 2.16670787e-06 5.10229765e-05 5.17962917e-14 1.01727377e-10
 1.70740773e-08 3.88846182e-13 2.71460670e-19]"
44,psi_5,psi_14_5,data/testData_PILed/psi_5/11.jpg,False,"[3.4821047e-14 0.0000000e+00 0.0000000e+00 0.0000000e+00 0.0000000e+00
 0.0000000e+00 0.0000000e+00 0.0000000e+00 0.0000000e+00 1.0608754e-31
 7.1142578e-18 4.9917935e-04 9.0587628e-01 4.4355147e-02 0.0000000e+00
 0.0000000e+00 0.0000000e+00 1.3103789e-27 9.6959031e-11 2.0273264e-04
 1.5474838e-03 1.4719163e-05 8.6429622e-04 2.8592533e-02 1.8047536e-02
 7.0572341e-08 2.8413586e-08 7.1599685e-11 1.0445312e-17 2.3943943e-34
 4.5726004e-30]"
45,psi_5,psi_14,data/testData_PILed/psi_5/181.jpg,False,"[6.18021819e-04 1.03635145e-26 4.68395424e-37 1.80415755e-16
 4.40915501e-23 4.05405256e-32 1.43704525e-31 1.13472042e-32
 3.09033376e-12 1.92582412e-08 4.03707474e-03 6.81087196e-01
 4.81311046e-03 9.14351313e-06 1.43499207e-37 6.22277896e-35
 2.79346365e-21 9.85101792e-07 1.24612242e-01 3.22259702e-02
 2.91892284e-05 5.90553650e-09 2.18272622e-09 1.03892012e-06
 4.82186042e-02 1.04242817e-01 4.05159017e-06 4.92283943e-05
 5.12575280e-05 2.35756026e-10 3.98798399e-12]"
46,psi_5,psi_15,data/testData_PILed/psi_5/48.jpg,False,"[4.0399038e-16 0.0000000e+00 0.0000000e+00 0.0000000e+00 0.0000000e+00
 0.0000000e+00 0.0000000e+00 0.0000000e+00 0.0000000e+00 2.5482983e-36
 2.2800139e-21 2.5480178e-05 3.6781359e-01 4.5818466e-01 0.0000000e+00
 0.0000000e+00 0.0000000e+00 7.1782609e-32 3.5541546e-13 1.4063494e-05
 1.8747331e-03 7.1674999e-04 3.8417626e-02 1.2908812e-01 3.8648383e-03
 1.8267572e-09 1.9221389e-08 9.8091500e-12 3.8128780e-20 0.0000000e+00
 4.8667887e-33]"
47,psi_5,psi_14_5,data/testData_PILed/psi_5/167.jpg,False,"[1.7183120e-14 0.0000000e+00 0.0000000e+00 0.0000000e+00 0.0000000e+00
 0.0000000e+00 0.0000000e+00 0.0000000e+00 0.0000000e+00 3.5367863e-33
 5.2137458e-19 2.6286760e-04 8.6202276e-01 1.0730252e-01 0.0000000e+00
 0.0000000e+00 0.0000000e+00 6.3538848e-29 2.7180595e-11 1.6107068e-04
 4.1215206e-03 3.7407775e-05 1.1978762e-03 1.7907234e-02 6.9866739e-03
 1.4644492e-08 5.4739377e-09 1.2960035e-11 9.4454493e-19 4.7026454e-36
 8.5252240e-32]"
48,psi_5,psi_14_5,data/testData_PILed/psi_5/173.jpg,False,"[6.71577117e-12 0.00000000e+00 0.00000000e+00 1.50903169e-38
 0.00000000e+00 0.00000000e+00 0.00000000e+00 0.00000000e+00
 4.00919200e-34 1.00251140e-26 1.11570096e-13 3.84616069e-02
 8.56746256e-01 8.57588602e-04 0.00000000e+00 0.00000000e+00
 0.00000000e+00 9.38063343e-23 1.85319863e-07 4.46061790e-03
 3.49132140e-04 1.73169497e-08 4.72089511e-07 3.48411035e-04
 9.87693369e-02 6.47579463e-06 1.09201421e-08 4.25940616e-10
 5.29231564e-15 8.14024986e-30 7.38745704e-28]"
49,psi_5,psi_14,data/testData_PILed/psi_5/1.jpg,False,"[2.31330105e-05 3.64787121e-33 0.00000000e+00 1.58433699e-20
 1.63059316e-28 0.00000000e+00 0.00000000e+00 0.00000000e+00
 4.84954685e-16 1.90808272e-11 8.67040071e-05 8.56303275e-01
 1.24493632e-02 1.32327214e-05 0.00000000e+00 0.00000000e+00
 5.89095247e-27 2.54623300e-09 2.32674796e-02 3.07400916e-02
 4.92115432e-05 2.56758392e-09 1.89737848e-09 1.38874452e-06
 5.80143295e-02 1.90463364e-02 7.92884180e-07 3.92469292e-06
 7.09498863e-07 1.00204364e-13 3.90224098e-15]"
51,psi_5,psi_14,data/testData_PILed/psi_5/61.jpg,False,"[5.59836728e-08 0.00000000e+00 0.00000000e+00 2.90546175e-32
 0.00000000e+00 0.00000000e+00 0.00000000e+00 0.00000000e+00
 3.18098570e-25 3.87558602e-18 3.19383524e-08 9.36268568e-01
 2.00821385e-02 1.30426452e-06 0.00000000e+00 0.00000000e+00
 0.00000000e+00 7.22053405e-15 1.41624326e-03 3.37959379e-02
 3.68106885e-05 4.59704323e-12 3.69794516e-12 1.43295855e-08
 8.19254387e-03 2.06265380e-04 9.16964768e-11 5.91325156e-10
 1.66015431e-11 5.26987610e-22 3.83511553e-24]"
52,psi_5,psi_14,data/testData_PILed/psi_5/67.jpg,False,"[6.5932539e-08 0.0000000e+00 0.0000000e+00 3.2973790e-31 0.0000000e+00
 0.0000000e+00 0.0000000e+00 0.0000000e+00 6.1481023e-25 2.9621822e-18
 1.6226860e-08 8.3852136e-01 8.3438404e-02 1.6123653e-05 0.0000000e+00
 0.0000000e+00 0.0000000e+00 4.5352177e-15 7.9754344e-04 5.4657031e-02
 2.2457248e-04 1.6984644e-10 2.2925760e-10 3.4405852e-07 2.2101134e-02
 2.4341104e-04 9.3682484e-10 2.5225424e-09 2.7347929e-11 8.6519891e-22
 3.2391954e-23]"
54,psi_5,psi_14_5,data/testData_PILed/psi_5/137.jpg,False,"[2.3447887e-05 1.5430862e-23 6.3900144e-30 3.9482039e-15 8.7527037e-20
 2.2653999e-26 4.9005957e-28 3.1761413e-29 5.3322211e-14 1.8102280e-11
 6.5589234e-07 3.5525683e-02 4.5123088e-01 1.7823726e-01 1.1382001e-30
 9.5190600e-30 8.1270705e-21 4.4244808e-10 2.2381631e-04 3.3337854e-02
 8.1976049e-02 1.1632143e-02 3.1596232e-02 8.7768152e-02 8.6309433e-02
 1.3815283e-03 6.4278964e-04 1.1331626e-04 7.1208802e-07 1.8812868e-12
 2.9691406e-11]"
55,psi_5,psi_14_5,data/testData_PILed/psi_5/164.jpg,False,"[1.7355631e-11 0.0000000e+00 0.0000000e+00 0.0000000e+00 0.0000000e+00
 0.0000000e+00 0.0000000e+00 0.0000000e+00 1.3828221e-34 1.1533306e-26
 1.6963340e-13 8.1061959e-02 8.6476231e-01 3.2686556e-04 0.0000000e+00
 0.0000000e+00 0.0000000e+00 1.5635727e-22 6.7736994e-07 1.2044649e-02
 6.1660388e-04 1.9685327e-09 2.3104260e-08 2.5274199e-05 4.1157845e-02
 3.7032821e-06 4.1673262e-10 4.8543877e-11 1.8827431e-15 2.5309383e-30
 1.9546173e-29]"
56,psi_5,psi_4,data/testData_PILed/psi_5/44.jpg,False,"[2.93473341e-03 3.43838801e-37 0.00000000e+00 7.64451946e-26
 1.35766050e-34 0.00000000e+00 0.00000000e+00 4.90959715e-38
 1.53047753e-17 8.29234771e-12 7.19097443e-06 1.17478654e-01
 6.13834104e-03 1.28223610e-06 0.00000000e+00 0.00000000e+00
 1.99556079e-27 5.08471487e-09 6.98956847e-02 8.01895022e-01
 1.50966318e-03 6.99643191e-11 5.67572031e-13 2.36732745e-10
 5.40458423e-05 8.54148529e-05 8.16505934e-13 2.18461887e-10
 2.26130026e-09 8.69622363e-16 9.81540835e-21]"
57,psi_5,psi_14,data/testData_PILed/psi_5/125.jpg,False,"[1.63384861e-09 0.00000000e+00 0.00000000e+00 5.83004423e-33
 0.00000000e+00 0.00000000e+00 0.00000000e+00 0.00000000e+00
 4.32017094e-28 2.25386098e-21 3.52406299e-10 4.34026718e-01
 3.55211139e-01 1.58696770e-04 0.00000000e+00 0.00000000e+00
 0.00000000e+00 6.93519103e-18 4.08754240e-05 2.17018519e-02
 2.04198281e-04 2.81514900e-09 2.23537651e-08 3.27048620e-05
 1.88394487e-01 2.29240177e-04 3.92293096e-08 1.02736495e-08
 4.43485439e-12 2.34852727e-24 6.81191095e-24]"
58,psi_5,psi_14_5,data/testData_PILed/psi_5/42.jpg,False,"[1.8733561e-12 0.0000000e+00 0.0000000e+00 0.0000000e+00 0.0000000e+00
 0.0000000e+00 0.0000000e+00 0.0000000e+00 2.4864577e-37 1.8598361e-29
 3.1998906e-16 2.5584137e-03 9.8104054e-01 4.0013129e-03 0.0000000e+00
 0.0000000e+00 0.0000000e+00 2.1505006e-25 5.0451678e-09 2.9736592e-03
 4.8297090e-03 1.4647942e-07 1.4031341e-06 2.0230217e-04 4.3924372e-03
 7.1703468e-08 1.1122761e-10 3.6132000e-12 1.7955434e-17 4.3472294e-33
 3.4908893e-31]"
59,psi_5,psi_14_5,data/testData_PILed/psi_5/101.jpg,False,"[4.08122336e-09 0.00000000e+00 0.00000000e+00 2.34626413e-33
 0.00000000e+00 0.00000000e+00 0.00000000e+00 0.00000000e+00
 2.51403288e-28 6.82628882e-22 1.28934962e-11 4.85122353e-02
 8.84405017e-01 2.53621978e-03 0.00000000e+00 0.00000000e+00
 0.00000000e+00 1.24680479e-18 4.84147085e-06 3.71637121e-02
 1.05291344e-02 2.16284050e-07 6.95370602e-07 1.00197474e-04
 1.67395622e-02 8.16110878e-06 3.08537951e-09 7.46620543e-10
 3.00770991e-13 4.35295617e-25 9.76905821e-25]"
60,psi_5,psi_14_5,data/testData_PILed/psi_5/55.jpg,False,"[2.6197103e-13 0.0000000e+00 0.0000000e+00 0.0000000e+00 0.0000000e+00
 0.0000000e+00 0.0000000e+00 0.0000000e+00 0.0000000e+00 2.8141659e-31
 4.0046656e-17 1.8965029e-03 9.8756802e-01 2.2466956e-03 0.0000000e+00
 0.0000000e+00 0.0000000e+00 5.9989247e-27 1.5528585e-09 1.9092349e-03
 2.4505525e-03 3.8010008e-08 5.3126780e-07 1.2945854e-04 3.7987635e-03
 3.1468755e-08 3.3668141e-11 8.1284540e-13 1.8276028e-18 4.1716438e-35
 5.1303143e-33]"
61,psi_5,psi_14_5,data/testData_PILed/psi_5/9.jpg,False,"[4.6142148e-09 0.0000000e+00 0.0000000e+00 3.3090002e-37 0.0000000e+00
 0.0000000e+00 0.0000000e+00 0.0000000e+00 2.5152038e-30 9.4510516e-23
 1.9736039e-11 2.3902923e-01 6.4183617e-01 2.0490040e-04 0.0000000e+00
 0.0000000e+00 0.0000000e+00 4.9197508e-19 2.7893957e-05 1.0406386e-01
 4.3641338e-03 1.3759370e-09 1.8671653e-09 1.4218599e-06 1.0464461e-02
 7.8915682e-06 4.1632042e-11 4.1071976e-11 4.8162124e-14 8.6539505e-27
 9.6570104e-28]"
62,psi_5,psi_14_5,data/testData_PILed/psi_5/56.jpg,False,"[4.77604067e-10 0.00000000e+00 0.00000000e+00 3.67680763e-38
 0.00000000e+00 0.00000000e+00 0.00000000e+00 0.00000000e+00
 5.59707697e-32 1.89046374e-24 1.28893153e-12 7.84161389e-02
 8.64538014e-01 5.45853749e-04 0.00000000e+00 0.00000000e+00
 0.00000000e+00 1.19420566e-20 3.00306738e-06 3.96834649e-02
 4.19041608e-03 6.22382590e-09 1.94383780e-08 9.67698816e-06
 1.26104588e-02 2.99575049e-06 1.15864485e-10 3.71048400e-11
 8.88833176e-15 2.98757427e-28 2.78128551e-28]"
63,psi_5,psi_14,data/testData_PILed/psi_5/28.jpg,False,"[2.3400824e-04 2.0256414e-29 0.0000000e+00 1.0890415e-18 7.8955295e-26
 3.7923620e-35 2.9627153e-34 1.1550316e-34 8.6469867e-14 1.5660121e-09
 6.4849789e-04 8.0781531e-01 8.6581176e-03 1.0536413e-05 0.0000000e+00
 3.5384551e-37 3.1964824e-23 1.1860719e-07 8.5226782e-02 5.6087773e-02
 1.0395141e-04 3.2778302e-09 1.1145982e-09 4.4910129e-07 2.0871187e-02
 2.0335838e-02 2.8026665e-07 3.8112826e-06 3.2600933e-06 6.4140720e-12
 4.4081170e-14]"
64,psi_5,psi_3_5,data/testData_PILed/psi_5/176.jpg,False,"[6.4847060e-03 1.3216627e-25 1.7504346e-36 4.0850115e-16 9.6656703e-23
 1.2298553e-31 8.0396080e-30 2.3870978e-30 1.5352714e-10 1.2629124e-06
 6.8799473e-02 3.1518605e-01 2.3594087e-04 1.6552998e-07 1.5929622e-36
 3.7265849e-33 2.7012495e-19 4.9929793e-05 4.2759141e-01 1.3466178e-02
 1.3929886e-06 5.5894341e-11 4.3995719e-12 4.8709854e-09 4.8032724e-03
 1.6308869e-01 1.1933973e-07 1.7760010e-05 2.7371026e-04 6.8447856e-09
 4.6219643e-12]"
65,psi_5,psi_14_5,data/testData_PILed/psi_5/4.jpg,False,"[8.1625533e-11 0.0000000e+00 0.0000000e+00 2.8091658e-37 0.0000000e+00
 0.0000000e+00 0.0000000e+00 0.0000000e+00 4.3185720e-32 9.7965628e-25
 2.3222344e-12 1.3651553e-01 7.6377594e-01 3.8585780e-04 0.0000000e+00
 0.0000000e+00 0.0000000e+00 7.3476652e-21 2.5327936e-06 1.4484067e-02
 5.2388594e-04 4.5453943e-09 5.6387506e-08 5.3297070e-05 8.4242530e-02
 1.6284323e-05 3.6611707e-09 4.7612136e-10 3.5917592e-14 4.7326950e-28
 3.7981754e-27]"
66,psi_5,psi_14_5,data/testData_PILed/psi_5/107.jpg,False,"[4.3166429e-10 0.0000000e+00 0.0000000e+00 4.7211588e-37 0.0000000e+00
 0.0000000e+00 0.0000000e+00 0.0000000e+00 4.0693470e-31 1.2934624e-23
 1.3918396e-11 3.0222943e-01 6.0984290e-01 1.6695668e-04 0.0000000e+00
 0.0000000e+00 0.0000000e+00 8.8894063e-20 1.3277192e-05 3.2585416e-02
 6.4627506e-04 1.0997272e-09 6.3672614e-09 8.2067036e-06 5.4483358e-02
 2.4103780e-05 8.0238760e-10 2.7882091e-10 7.7459042e-14 3.1565243e-27
 3.5758148e-27]"
67,psi_5,psi_14_5,data/testData_PILed/psi_5/89.jpg,False,"[7.57589813e-09 0.00000000e+00 0.00000000e+00 7.42742818e-27
 2.46651883e-36 0.00000000e+00 0.00000000e+00 0.00000000e+00
 3.62201383e-24 4.43718602e-19 1.00215480e-09 8.97947326e-02
 5.52485168e-01 4.03817231e-03 0.00000000e+00 0.00000000e+00
 2.99810945e-38 2.76232426e-16 1.40308275e-05 1.14694387e-02
 1.02943787e-03 2.10503845e-06 3.01827040e-05 5.01380023e-03
 3.35689634e-01 4.22983547e-04 9.60752914e-06 6.86375301e-07
 1.78948995e-10 5.34402014e-21 2.85507670e-19]"
69,psi_5,psi-NAN,data/testData_PILed/psi_5/43.jpg,False,"[4.67658162e-01 8.23390873e-30 0.00000000e+00 3.22943120e-22
 2.72423061e-29 1.36610954e-35 3.45991645e-31 3.22218896e-26
 2.25930345e-13 1.58027227e-08 1.21353805e-04 5.27496310e-03
 1.43276528e-04 3.22648042e-08 3.77056458e-37 5.87490936e-30
 3.99955009e-20 9.69464418e-06 1.46619499e-01 3.79975766e-01
 1.67059407e-04 4.91089764e-12 5.15858777e-15 9.06768042e-13
 4.17944563e-07 2.96267335e-05 1.35328159e-14 5.66858470e-11
 2.78440968e-08 3.09934435e-12 8.45920700e-19]"
71,psi_5,psi_14_5,data/testData_PILed/psi_5/175.jpg,False,"[1.78994731e-14 0.00000000e+00 0.00000000e+00 0.00000000e+00
 0.00000000e+00 0.00000000e+00 0.00000000e+00 0.00000000e+00
 0.00000000e+00 2.79284766e-33 4.49806186e-19 2.64260045e-04
 8.68713915e-01 1.05004124e-01 0.00000000e+00 0.00000000e+00
 0.00000000e+00 5.28407769e-29 2.74365426e-11 1.74994668e-04
 4.64504585e-03 3.30339062e-05 9.40790458e-04 1.41168041e-02
 6.10710215e-03 1.25027499e-08 3.69590469e-09 9.54483367e-12
 7.28210520e-19 3.20136351e-36 4.74187016e-32]"
72,psi_5,psi_14,data/testData_PILed/psi_5/148.jpg,False,"[2.1999703e-04 0.0000000e+00 0.0000000e+00 6.5933290e-26 2.9413136e-35
 0.0000000e+00 0.0000000e+00 0.0000000e+00 6.0838931e-18 5.2593958e-12
 2.9973928e-05 6.4772409e-01 4.4073868e-03 4.2863661e-07 0.0000000e+00
 0.0000000e+00 2.5560698e-29 2.4635145e-09 1.0961305e-01 2.3668179e-01
 1.4126587e-04 8.3375268e-12 3.4564514e-13 4.3862378e-10 5.2793068e-04
 6.5401843e-04 1.2306119e-11 1.6500058e-09 6.7914168e-09 6.7297181e-16
 3.1056864e-20]"
74,psi_5,psi_4,data/testData_PILed/psi_5/145.jpg,False,"[1.7652289e-03 2.9914351e-38 0.0000000e+00 1.3585040e-26 2.0095148e-35
 0.0000000e+00 0.0000000e+00 0.0000000e+00 1.6173059e-18 9.6822290e-13
 1.3293518e-06 8.3975576e-02 1.2050411e-02 4.4748672e-06 0.0000000e+00
 0.0000000e+00 1.4185646e-28 6.5309980e-10 2.5517484e-02 8.7209642e-01
 4.4904388e-03 3.1294140e-10 2.9858655e-12 7.8724194e-10 6.0121783e-05
 3.8522514e-05 9.2453703e-13 1.4938821e-10 6.9181755e-10 1.0987883e-16
 2.8405790e-21]"
75,psi_5,psi_14,data/testData_PILed/psi_5/27.jpg,False,"[4.1453107e-03 3.6216974e-14 1.0718444e-18 3.5917884e-09 3.0737914e-12
 2.1753042e-16 1.2834968e-16 4.2953891e-17 1.2340311e-07 6.7691531e-06
 3.1548538e-03 3.4808367e-01 1.7043199e-01 1.6792288e-02 5.3522018e-19
 6.7968368e-18 7.0892155e-12 4.8598893e-05 4.9577020e-02 1.3833530e-01
 2.5842834e-02 8.1039924e-04 9.8215637e-04 8.2376115e-03 1.7313308e-01
 5.4300204e-02 2.4580667e-03 2.8974679e-03 7.6074369e-04 9.8604926e-07
 5.4442091e-07]"
76,psi_5,psi_14_5,data/testData_PILed/psi_5/19.jpg,False,"[5.8387830e-12 0.0000000e+00 0.0000000e+00 0.0000000e+00 0.0000000e+00
 0.0000000e+00 0.0000000e+00 0.0000000e+00 3.7616629e-35 2.1037123e-27
 3.5256869e-14 3.0994264e-02 9.2322046e-01 7.2878180e-04 0.0000000e+00
 0.0000000e+00 0.0000000e+00 2.5419847e-23 1.4160108e-07 5.8457516e-03
 6.7316502e-04 9.0779642e-09 1.6397996e-07 1.0790802e-04 3.8427293e-02
 2.0143707e-06 1.0738255e-09 6.0864383e-11 9.2263604e-16 7.4931986e-31
 2.5859699e-29]"
77,psi_5,psi_4,data/testData_PILed/psi_5/129.jpg,False,"[3.07360687e-03 1.53468827e-36 0.00000000e+00 2.92960310e-25
 5.95577713e-34 0.00000000e+00 0.00000000e+00 1.30586040e-37
 5.64189853e-17 2.62764099e-11 2.03525888e-05 1.72519803e-01
 4.86683846e-03 8.12742940e-07 0.00000000e+00 0.00000000e+00
 7.22195534e-27 1.40279326e-08 1.19689405e-01 6.98763251e-01
 8.12321086e-04 4.09041585e-11 3.88282749e-13 2.06701267e-10
 7.81548370e-05 1.75492212e-04 1.49775797e-12 4.31068736e-10
 5.57889379e-09 3.02752996e-15 3.18755568e-20]"
79,psi_5,psi-NAN,data/testData_PILed/psi_5/172.jpg,False,"[7.4919772e-01 9.1908549e-16 1.0316627e-21 1.7750567e-12 2.8483780e-16
 1.6182437e-19 7.9901200e-16 7.5965704e-13 2.8306636e-06 1.0383273e-03
 2.4473185e-02 3.0857006e-03 3.0005038e-05 7.2327651e-08 5.9024203e-20
 2.3424770e-15 1.1923870e-09 3.0781912e-02 1.6932361e-01 2.0845808e-02
 1.9522955e-05 3.6422948e-10 2.3588182e-12 1.1382931e-10 4.0097357e-06
 1.0927699e-03 1.1620664e-10 1.6981244e-07 9.8426557e-05 5.9063086e-06
 4.8597237e-11]"
80,psi_5,psi_14_5,data/testData_PILed/psi_5/158.jpg,False,"[1.4803312e-14 0.0000000e+00 0.0000000e+00 0.0000000e+00 0.0000000e+00
 0.0000000e+00 0.0000000e+00 0.0000000e+00 0.0000000e+00 3.9319547e-34
 2.1401327e-19 3.2782351e-04 9.4541490e-01 4.2906124e-02 0.0000000e+00
 0.0000000e+00 0.0000000e+00 1.2005134e-29 3.2977652e-11 3.0296177e-04
 5.4027140e-03 4.3115060e-06 7.9566817e-05 2.3236428e-03 3.2379068e-03
 5.5775584e-09 2.3756094e-10 1.0637714e-12 1.1721817e-19 1.4940342e-37
 5.8225018e-34]"
81,psi_5,psi_14_5,data/testData_PILed/psi_5/97.jpg,False,"[1.4617715e-12 0.0000000e+00 0.0000000e+00 0.0000000e+00 0.0000000e+00
 0.0000000e+00 0.0000000e+00 0.0000000e+00 7.8960030e-36 2.8181047e-28
 6.5054108e-15 1.1369005e-02 9.4137830e-01 1.5653215e-03 0.0000000e+00
 0.0000000e+00 0.0000000e+00 3.1238888e-24 2.4879665e-08 2.4147350e-03
 5.7085196e-04 4.2445340e-08 1.3746476e-06 5.7488825e-04 4.2124312e-02
 1.2018096e-06 3.9126333e-09 9.4972544e-11 4.6278127e-16 1.8683506e-31
 3.9825547e-29]"
82,psi_5,psi_7_5,data/testData_PILed/psi_5/85.jpg,False,"[1.2227828e-03 1.0107350e-10 2.1509172e-14 1.3024053e-05 5.6345201e-08
 4.0253655e-12 5.1314967e-14 9.1516014e-17 1.4562333e-06 1.4836477e-05
 3.3911068e-03 3.2024860e-02 8.3198361e-03 2.8595880e-03 6.4966935e-16
 1.1258982e-16 1.1903147e-10 6.3347019e-05 5.5270437e-03 3.9437967e-03
 1.6262758e-04 5.1209581e-04 9.0246089e-04 2.2564514e-02 2.2179747e-01
 1.3264944e-01 3.5301435e-01 1.9408949e-01 1.5753727e-02 4.6372112e-05
 1.1257338e-03]"
84,psi_5,psi_6_5,data/testData_PILed/psi_5/29.jpg,False,"[6.10770667e-06 5.85936632e-31 0.00000000e+00 6.34525078e-18
 2.41050920e-25 2.37980568e-36 5.78717320e-38 0.00000000e+00
 1.33712028e-15 9.63078835e-12 6.81509191e-05 3.56771320e-01
 9.66167729e-03 4.39322321e-05 0.00000000e+00 0.00000000e+00
 1.24413626e-26 1.01955944e-09 4.68156906e-03 5.61151560e-03
 7.65962614e-06 3.80957950e-08 8.91965541e-08 7.56539885e-05
 5.19546926e-01 1.02849349e-01 3.76841577e-04 2.90721102e-04
 8.47325282e-06 6.46765139e-13 1.68222088e-12]"
85,psi_5,psi_14,data/testData_PILed/psi_5/18.jpg,False,"[3.2741765e-03 1.8709188e-23 3.3809752e-33 3.1052394e-14 3.1410546e-20
 1.1947636e-28 6.6568695e-28 3.0141592e-29 3.5979253e-10 8.3868400e-07
 3.8010083e-02 3.7016815e-01 1.0458381e-03 2.6296893e-06 8.9107716e-34
 1.9453137e-31 1.8401476e-18 2.5519355e-05 2.0572960e-01 1.4583383e-02
 5.0023286e-06 3.0083431e-09 6.6762329e-10 3.7898249e-07 3.3201743e-02
 3.3291775e-01 9.3945400e-06 2.5181536e-04 7.7361811e-04 1.9607548e-08
 2.3354077e-10]"
86,psi_5,psi_14_5,data/testData_PILed/psi_5/63.jpg,False,"[7.3964274e-10 0.0000000e+00 0.0000000e+00 2.6678080e-38 0.0000000e+00
 0.0000000e+00 0.0000000e+00 0.0000000e+00 4.8000768e-32 1.3195521e-24
 4.1653475e-13 3.1433832e-02 9.0820605e-01 1.0796188e-03 0.0000000e+00
 0.0000000e+00 0.0000000e+00 6.8733660e-21 1.3069399e-06 4.2167868e-02
 1.2602303e-02 2.1021098e-08 4.0787047e-08 1.0223974e-05 4.4977767e-03
 9.0929524e-07 4.1273360e-11 1.3605760e-11 3.5517070e-15 1.7599421e-28
 1.3733920e-28]"
87,psi_5,psi_14_5,data/testData_PILed/psi_5/96.jpg,False,"[8.73546349e-15 0.00000000e+00 0.00000000e+00 0.00000000e+00
 0.00000000e+00 0.00000000e+00 0.00000000e+00 0.00000000e+00
 0.00000000e+00 6.74548938e-35 2.56148093e-20 1.15974595e-04
 7.15151966e-01 2.60830313e-01 0.00000000e+00 0.00000000e+00
 0.00000000e+00 1.92311101e-30 6.20965258e-12 1.34862770e-04
 1.08984327e-02 1.04886691e-04 1.44507992e-03 9.13273357e-03
 2.18567718e-03 2.28673902e-09 7.07746417e-10 1.78509464e-12
 5.85367867e-20 4.91478924e-38 7.84849568e-34]"
88,psi_5,psi_14,data/testData_PILed/psi_5/136.jpg,False,"[2.6326488e-06 1.1278539e-37 0.0000000e+00 2.4100302e-23 2.7742431e-32
 0.0000000e+00 0.0000000e+00 0.0000000e+00 1.2036461e-18 1.6658537e-13
 6.8356480e-06 8.7444830e-01 2.1214377e-02 1.4534120e-05 0.0000000e+00
 0.0000000e+00 6.4194066e-31 4.3785846e-11 7.1201720e-03 2.7997693e-02
 5.5529479e-05 1.2641956e-09 1.4672537e-09 1.4981124e-06 6.2548943e-02
 6.5884115e-03 2.5234522e-07 7.5156811e-07 4.3578371e-08 5.0159438e-16
 3.4554603e-17]"
89,psi_5,psi_14_5,data/testData_PILed/psi_5/40.jpg,False,"[7.0208245e-10 0.0000000e+00 0.0000000e+00 6.6748966e-35 0.0000000e+00
 0.0000000e+00 0.0000000e+00 0.0000000e+00 1.3325743e-29 1.7182930e-22
 8.7775745e-11 4.1398531e-01 4.2807758e-01 1.3535042e-04 0.0000000e+00
 0.0000000e+00 0.0000000e+00 8.1442921e-19 2.4972018e-05 2.3390314e-02
 2.4175808e-04 1.3644311e-09 1.0617049e-08 1.7772236e-05 1.3402350e-01
 1.0341793e-04 8.7955492e-09 2.4415323e-09 7.7012425e-13 9.8643759e-26
 2.2141612e-25]"
90,psi_5,psi_6,data/testData_PILed/psi_5/177.jpg,False,"[1.5059394e-08 9.8988764e-28 1.3361724e-34 5.3076001e-17 4.5487123e-22
 2.6144676e-30 2.9005330e-34 7.7165112e-38 2.3402309e-18 5.3297785e-16
 3.2742042e-10 4.0337868e-04 2.8511915e-02 8.0831267e-02 8.8454416e-37
 1.6196489e-37 1.2129429e-26 2.6776334e-14 1.6387689e-07 1.7089350e-04
 9.5878617e-04 2.0059338e-02 3.0083600e-01 5.4277927e-01 1.9553708e-02
 5.1281640e-05 5.7809358e-03 6.3067877e-05 7.2704780e-09 5.0094619e-16
 2.6475970e-12]"
91,psi_5,psi_14_5,data/testData_PILed/psi_5/15.jpg,False,"[7.71705090e-05 3.35486442e-27 2.40864102e-35 6.50805233e-18
 1.24702264e-23 3.70335992e-31 1.09804021e-31 8.59281375e-32
 7.45683592e-15 1.76163945e-11 2.24649102e-06 1.50295720e-01
 5.20145953e-01 1.98233444e-02 1.58785367e-35 3.47608924e-33
 1.13531940e-22 8.69027073e-10 2.02413811e-03 1.76048607e-01
 8.20085257e-02 1.26514424e-04 1.37445270e-04 1.86414202e-03
 4.62101959e-02 1.22165191e-03 7.70969109e-06 6.37903167e-06
 2.25205866e-07 2.78653565e-13 1.37714804e-13]"
92,psi_5,psi_14_5,data/testData_PILed/psi_5/47.jpg,False,"[1.2590209e-09 0.0000000e+00 0.0000000e+00 1.6371450e-38 0.0000000e+00
 0.0000000e+00 0.0000000e+00 0.0000000e+00 1.4018954e-31 1.0460575e-23
 9.4311685e-12 2.8817523e-01 6.1977816e-01 1.2572578e-04 0.0000000e+00
 0.0000000e+00 0.0000000e+00 8.0554331e-20 1.9152061e-05 7.4745789e-02
 1.9504545e-03 4.8366022e-10 9.7499320e-10 1.2215443e-06 1.5196018e-02
 8.2815141e-06 3.8313672e-11 3.0420676e-11 2.0201873e-14 8.3267832e-28
 1.4320090e-28]"
93,psi_5,psi_7,data/testData_PILed/psi_5/127.jpg,False,"[2.8546350e-03 1.3674103e-19 1.3075363e-28 9.7255891e-11 6.1020735e-16
 3.6028567e-24 1.7351175e-24 8.2380122e-28 2.2593293e-08 7.4493378e-06
 5.1441360e-02 1.8041540e-02 2.4761508e-05 2.3185559e-07 3.9411045e-30
 2.7125577e-29 2.5881208e-16 7.8014324e-05 1.6910274e-02 3.1049567e-04
 2.4276636e-08 1.3264488e-09 2.7923880e-10 2.8009913e-07 1.5483621e-02
 8.6346996e-01 2.4682822e-04 8.9057265e-03 2.2222560e-02 1.9251345e-06
 2.7923363e-07]"
94,psi_5,psi_7,data/testData_PILed/psi_5/154.jpg,False,"[1.41963793e-03 3.92102770e-22 4.42746985e-31 5.13412175e-13
 1.38559008e-18 1.02020931e-26 8.17631294e-27 8.33241674e-29
 4.14036638e-10 3.96439987e-07 1.72068942e-02 3.24014872e-01
 2.46144203e-03 1.61463322e-05 4.36406715e-32 1.55869535e-30
 3.98965670e-18 1.03653147e-05 8.99120346e-02 1.18007883e-02
 9.58857981e-06 4.49202453e-08 2.14878266e-08 7.75965782e-06
 1.12718396e-01 4.37558800e-01 1.96932524e-04 1.42188114e-03
 1.24392449e-03 2.82088752e-08 3.06457260e-09]"
95,psi_5,psi_14,data/testData_PILed/psi_5/135.jpg,False,"[4.17565849e-09 0.00000000e+00 0.00000000e+00 1.10433122e-31
 0.00000000e+00 0.00000000e+00 0.00000000e+00 0.00000000e+00
 8.70031688e-27 3.36777054e-20 2.36477726e-09 6.11829638e-01
 1.71093076e-01 5.75624072e-05 0.00000000e+00 0.00000000e+00
 0.00000000e+00 7.86150006e-17 1.12159396e-04 1.93463713e-02
 7.77194437e-05 9.34548772e-10 5.61510527e-09 1.25658271e-05
 1.96890116e-01 5.80829917e-04 5.75515635e-08 2.31336674e-08
 2.22928481e-11 4.01405466e-23 6.21708916e-23]"
96,psi_5,psi_4,data/testData_PILed/psi_5/134.jpg,False,"[1.1042227e-04 0.0000000e+00 0.0000000e+00 7.8458800e-32 0.0000000e+00
 0.0000000e+00 0.0000000e+00 0.0000000e+00 9.3481177e-24 2.7189523e-17
 1.0277983e-09 1.9732509e-02 6.4150140e-02 8.1394501e-05 0.0000000e+00
 0.0000000e+00 1.2375809e-35 4.9455492e-14 4.7783626e-04 8.4119159e-01
 7.4215323e-02 5.9404837e-09 7.0971937e-11 7.1347426e-09 3.9773211e-05
 1.0202625e-06 1.2731351e-13 5.0668150e-12 1.5104593e-12 1.9163925e-21
 3.8569133e-25]"
97,psi_5,psi_14_5,data/testData_PILed/psi_5/169.jpg,False,"[1.1380008e-11 0.0000000e+00 0.0000000e+00 0.0000000e+00 0.0000000e+00
 0.0000000e+00 0.0000000e+00 0.0000000e+00 2.1014068e-35 1.1554318e-27
 7.0445202e-15 8.9233555e-03 9.7121567e-01 1.6152986e-03 0.0000000e+00
 0.0000000e+00 0.0000000e+00 1.0780970e-23 4.9713591e-08 7.3732948e-03
 3.6705430e-03 3.4466023e-08 2.6617852e-07 7.1713133e-05 7.1295602e-03
 3.1091244e-07 1.2411744e-10 8.7456327e-12 1.7978572e-16 2.4097023e-31
 4.1850759e-30]"
99,psi_5,psi_14_5,data/testData_PILed/psi_5/57.jpg,False,"[2.52474597e-09 0.00000000e+00 0.00000000e+00 2.19277113e-32
 0.00000000e+00 0.00000000e+00 0.00000000e+00 0.00000000e+00
 1.12456725e-27 2.89663363e-21 1.29748462e-10 2.11389080e-01
 6.58103704e-01 7.22652068e-04 0.00000000e+00 0.00000000e+00
 0.00000000e+00 6.67007096e-18 2.15964938e-05 2.83716433e-02
 1.23865402e-03 3.12111545e-08 2.32988569e-07 1.01579542e-04
 9.99750942e-02 7.57263188e-05 3.01383523e-08 6.82889079e-09
 2.66147087e-12 3.32259812e-24 1.14390535e-23]"
100,psi_5,psi_4,data/testData_PILed/psi_5/102.jpg,False,"[2.02966109e-02 3.84120711e-24 5.94978464e-32 5.56898024e-17
 1.72180593e-22 2.03927525e-28 1.26987293e-26 1.49410453e-24
 8.69248076e-12 3.55943541e-08 2.00716488e-04 1.43332049e-01
 3.56272683e-02 2.16215834e-04 6.36823312e-31 8.50395677e-27
 5.53439416e-18 2.15156092e-06 8.95293728e-02 6.88706756e-01
 1.95118953e-02 5.21936556e-07 2.32671571e-08 8.30421925e-07
 1.27309514e-03 1.30033214e-03 1.41592382e-08 4.55058398e-07
 1.62548247e-06 1.14481764e-10 1.01902075e-13]"
101,psi_5,psi_14_5,data/testData_PILed/psi_5/91.jpg,False,"[2.6809924e-11 0.0000000e+00 0.0000000e+00 2.6190590e-32 0.0000000e+00
 0.0000000e+00 0.0000000e+00 0.0000000e+00 4.4815600e-30 3.7910340e-24
 1.2882147e-12 1.5016659e-02 6.2332165e-01 4.9270582e-03 0.0000000e+00
 0.0000000e+00 0.0000000e+00 8.1598257e-21 1.3344091e-07 1.6482689e-03
 2.6574809e-04 1.5223692e-06 7.7287259e-05 2.0086845e-02 3.3460617e-01
 4.3181743e-05 5.4391317e-06 6.6405690e-08 6.2781610e-13 4.0414466e-26
 6.1996396e-23]"
102,psi_5,psi_14,data/testData_PILed/psi_5/6.jpg,False,"[1.13366454e-08 0.00000000e+00 0.00000000e+00 8.17894393e-32
 0.00000000e+00 0.00000000e+00 0.00000000e+00 0.00000000e+00
 2.98637070e-26 1.54359786e-19 4.67615235e-09 7.60598600e-01
 1.30703643e-01 3.07149603e-05 0.00000000e+00 0.00000000e+00
 0.00000000e+00 3.28040376e-16 2.58856249e-04 3.06460708e-02
 1.18085445e-04 3.49728801e-10 1.15032228e-09 2.34860431e-06
 7.72639215e-02 3.77695455e-04 7.93138977e-09 7.24863281e-09
 1.87704643e-11 9.00670137e-23 2.63760913e-23]"
103,psi_5,psi_4,data/testData_PILed/psi_5/10.jpg,False,"[2.1128713e-05 0.0000000e+00 0.0000000e+00 1.3212612e-27 6.9826868e-37
 0.0000000e+00 0.0000000e+00 0.0000000e+00 4.5180569e-21 2.6394620e-15
 6.9936668e-08 3.1990576e-01 1.8053539e-01 2.2342062e-04 0.0000000e+00
 0.0000000e+00 7.2432103e-33 1.3963553e-12 2.6151040e-03 4.7111306e-01
 2.2617696e-02 2.0096630e-08 3.0662746e-09 5.0453082e-07 2.8962854e-03
 7.1531394e-05 2.4635610e-10 1.9431667e-09 1.9467902e-10 8.2164626e-19
 2.9985243e-21]"
105,psi_5,psi_6_5,data/testData_PILed/psi_5/162.jpg,False,"[5.8672929e-09 0.0000000e+00 0.0000000e+00 5.6937533e-28 1.5566488e-38
 0.0000000e+00 0.0000000e+00 0.0000000e+00 1.2676234e-24 5.9385767e-19
 8.4315799e-09 2.9634184e-01 1.1631594e-01 1.3852678e-04 0.0000000e+00
 0.0000000e+00 0.0000000e+00 6.5744680e-16 7.0465423e-05 7.2720340e-03
 3.4121291e-05 1.1563995e-08 1.2129445e-07 1.8427265e-04 5.7743037e-01
 2.2067307e-03 4.8498791e-06 7.4727376e-07 4.6295431e-10 4.7481157e-21
 7.2122569e-20]"
106,psi_5,psi_14_5,data/testData_PILed/psi_5/22.jpg,False,"[1.1695998e-12 0.0000000e+00 0.0000000e+00 0.0000000e+00 0.0000000e+00
 0.0000000e+00 0.0000000e+00 0.0000000e+00 4.4188613e-37 2.8945689e-29
 7.4968573e-16 4.0056934e-03 9.7966743e-01 2.2508595e-03 0.0000000e+00
 0.0000000e+00 0.0000000e+00 3.5154866e-25 7.3853870e-09 2.5418065e-03
 1.8113297e-03 6.0257108e-08 1.0585912e-06 2.6835449e-04 9.4532920e-03
 1.7720417e-07 3.1659558e-10 8.7660027e-12 4.2017460e-17 9.1040179e-33
 1.0738547e-30]"
107,psi_5,psi_14,data/testData_PILed/psi_5/138.jpg,False,"[2.4988583e-06 1.2955453e-34 0.0000000e+00 4.5491602e-21 4.2125195e-29
 0.0000000e+00 0.0000000e+00 0.0000000e+00 1.0410407e-17 2.8876820e-13
 5.5867167e-06 6.2955254e-01 6.5928951e-02 1.7773006e-04 0.0000000e+00
 0.0000000e+00 3.4334402e-29 4.9870653e-11 3.2251719e-03 2.8096680e-02
 1.7519151e-04 7.2262047e-08 1.8810320e-07 7.9723955e-05 2.5955871e-01
 1.3173197e-02 1.2914430e-05 1.0705387e-05 1.9296139e-07 3.7176471e-15
 3.1445162e-15]"
108,psi_5,psi_14_5,data/testData_PILed/psi_5/183.jpg,False,"[5.3574389e-10 0.0000000e+00 0.0000000e+00 2.5292978e-38 0.0000000e+00
 0.0000000e+00 0.0000000e+00 0.0000000e+00 5.2269514e-32 2.0117900e-24
 1.4585301e-12 8.8709146e-02 8.5024893e-01 4.6845639e-04 0.0000000e+00
 0.0000000e+00 0.0000000e+00 1.3350669e-20 3.6318697e-06 4.4322163e-02
 4.1519427e-03 4.5786885e-09 1.3111066e-08 7.1554955e-06 1.2085568e-02
 3.0361157e-06 8.6574178e-11 3.1332190e-11 8.5678391e-15 2.8124938e-28
 2.0087264e-28]"
109,psi_5,psi_6,data/testData_PILed/psi_5/160.jpg,False,"[6.2797774e-08 2.3794041e-28 2.9066555e-36 6.5802410e-17 1.6957403e-22
 1.7955245e-31 3.1041574e-35 0.0000000e+00 1.1830892e-17 6.0339078e-15
 1.2463074e-08 4.3078922e-03 1.0382546e-01 3.1388428e-02 1.6656391e-38
 0.0000000e+00 9.5552464e-27 3.3084633e-13 3.1384532e-06 1.1369886e-03
 7.1180315e-04 1.6319756e-03 3.0719031e-02 5.8510280e-01 2.2541508e-01
 8.1875006e-04 1.4644912e-02 2.9361460e-04 8.0194809e-08 3.7189998e-15
 8.3622900e-12]"
112,psi_5,psi_14_5,data/testData_PILed/psi_5/74.jpg,False,"[1.48414536e-09 0.00000000e+00 0.00000000e+00 0.00000000e+00
 0.00000000e+00 0.00000000e+00 0.00000000e+00 0.00000000e+00
 1.29648657e-31 1.08195847e-23 9.44538718e-12 2.92890847e-01
 6.08618677e-01 1.16682546e-04 0.00000000e+00 0.00000000e+00
 0.00000000e+00 8.46607725e-20 2.08340989e-05 8.32419172e-02
 2.17022700e-03 4.12529427e-10 7.20784821e-10 9.15534770e-07
 1.29324552e-02 7.42245129e-06 2.58399517e-11 2.32527296e-11
 1.76727546e-14 7.44951388e-28 9.78286287e-29]"
114,psi_5,psi_4,data/testData_PILed/psi_5/153.jpg,False,"[2.6234280e-02 6.4878674e-24 3.6128892e-31 4.6700047e-17 2.5738060e-22
 7.9126591e-28 2.7981645e-26 5.5337240e-24 3.5390592e-12 1.0563640e-08
 4.5331944e-05 6.5259174e-02 5.3931091e-02 7.9454377e-04 4.3936499e-30
 4.6261882e-26 5.0765352e-18 6.1824773e-07 3.2094453e-02 7.5430751e-01
 6.5916941e-02 3.8105579e-06 1.5013207e-07 2.5516063e-06 9.1942900e-04
 4.8910198e-04 1.4261370e-08 3.3989960e-07 7.3733224e-07 4.5600981e-11
 7.8972466e-14]"
115,psi_5,psi-NAN,data/testData_PILed/psi_5/16.jpg,False,"[8.99056494e-01 3.65160861e-22 8.39798461e-31 1.16976152e-17
 4.09214937e-23 1.11963851e-27 4.93366737e-22 1.40705639e-17
 2.07099387e-08 1.05490435e-04 6.83804974e-03 1.43955433e-04
 1.13331588e-07 1.52375352e-11 4.01139815e-28 2.54014908e-21
 3.79089528e-13 1.45302871e-02 7.68622831e-02 2.41934159e-03
 6.36092210e-08 6.43382976e-15 3.16472251e-18 9.72597747e-16
 6.51697007e-09 4.21943041e-05 1.40729400e-15 9.34493524e-11
 1.74027855e-06 5.15331529e-08 1.07356969e-15]"
116,psi_5,psi_14_5,data/testData_PILed/psi_5/168.jpg,False,"[2.2029244e-08 0.0000000e+00 0.0000000e+00 1.4857267e-36 0.0000000e+00
 0.0000000e+00 0.0000000e+00 0.0000000e+00 2.7652604e-29 8.8670440e-22
 5.7434880e-11 2.7635598e-01 5.3231025e-01 1.6062958e-04 0.0000000e+00
 0.0000000e+00 0.0000000e+00 3.7228463e-18 6.6789071e-05 1.7807797e-01
 7.3665767e-03 1.1155847e-09 7.6136802e-10 5.1068935e-07 5.6535173e-03
 7.7470877e-06 1.5685328e-11 2.9341023e-11 9.1804690e-14 5.9145820e-26
 1.8581397e-27]"
117,psi_5,psi_14_5,data/testData_PILed/psi_5/54.jpg,False,"[7.8202566e-12 0.0000000e+00 0.0000000e+00 0.0000000e+00 0.0000000e+00
 0.0000000e+00 0.0000000e+00 0.0000000e+00 4.9648722e-37 9.2628401e-29
 1.7592858e-15 8.0663348e-03 9.7265643e-01 9.5877424e-04 0.0000000e+00
 0.0000000e+00 0.0000000e+00 1.3998442e-24 3.6795495e-08 1.0196880e-02
 5.0924025e-03 8.8223659e-09 4.0954493e-08 1.4635281e-05 3.0143184e-03
 9.9580234e-08 8.5687950e-12 9.0530876e-13 2.1160470e-17 7.2640959e-33
 4.3339698e-32]"
119,psi_5,psi_14,data/testData_PILed/psi_5/72.jpg,False,"[3.3319891e-09 0.0000000e+00 0.0000000e+00 1.0634707e-37 0.0000000e+00
 0.0000000e+00 0.0000000e+00 0.0000000e+00 1.5394511e-30 1.0754608e-22
 4.8579335e-11 4.8593852e-01 4.0663218e-01 5.6722958e-05 0.0000000e+00
 0.0000000e+00 0.0000000e+00 6.9461747e-19 5.8291931e-05 9.1585606e-02
 1.2290609e-03 1.7412398e-10 2.5836400e-10 4.3720260e-07 1.4482712e-02
 1.6422122e-05 3.1566225e-11 4.3146167e-11 6.3937767e-14 7.4388636e-27
 5.1121610e-28]"
120,psi_5,psi_14,data/testData_PILed/psi_5/77.jpg,False,"[1.9571786e-09 0.0000000e+00 0.0000000e+00 8.1609465e-32 0.0000000e+00
 0.0000000e+00 0.0000000e+00 0.0000000e+00 2.3778779e-27 7.0168027e-21
 7.0667783e-10 4.1106811e-01 2.9360572e-01 1.6485037e-04 0.0000000e+00
 0.0000000e+00 0.0000000e+00 1.7279945e-17 4.4103519e-05 1.6718680e-02
 1.3290108e-04 4.2073194e-09 3.8838550e-08 5.8658366e-05 2.7779162e-01
 4.1502548e-04 1.4604075e-07 3.0983639e-08 1.3070672e-11 1.2358666e-23
 6.0852610e-23]"
123,psi_5,psi_14_5,data/testData_PILed/psi_5/174.jpg,False,"[4.46091645e-12 0.00000000e+00 0.00000000e+00 0.00000000e+00
 0.00000000e+00 0.00000000e+00 0.00000000e+00 0.00000000e+00
 8.86781631e-35 2.33914033e-27 2.13694639e-14 1.56018585e-02
 9.38453972e-01 1.54779572e-03 0.00000000e+00 0.00000000e+00
 0.00000000e+00 2.07307913e-23 5.91813532e-08 3.63851525e-03
 8.02465249e-04 4.48791049e-08 1.07059657e-06 4.13072121e-04
 3.95394489e-02 1.72352941e-06 3.76596487e-09 1.29823902e-10
 1.21571039e-15 1.50152279e-30 1.57638967e-28]"
124,psi_5,psi_14_5,data/testData_PILed/psi_5/79.jpg,False,"[8.3885598e-12 0.0000000e+00 0.0000000e+00 0.0000000e+00 0.0000000e+00
 0.0000000e+00 0.0000000e+00 0.0000000e+00 2.2079333e-34 8.4091602e-27
 9.8563790e-14 4.4531312e-02 8.8489538e-01 6.6935341e-04 0.0000000e+00
 0.0000000e+00 0.0000000e+00 8.9619446e-23 2.4772396e-07 6.0979072e-03
 4.8742635e-04 9.4205941e-09 1.9620812e-07 1.4442412e-04 6.3169457e-02
 4.2641700e-06 2.8852114e-09 1.6487663e-10 2.8774865e-15 4.1254743e-30
 1.6176574e-28]"
125,psi_5,psi_14_5,data/testData_PILed/psi_5/131.jpg,False,"[4.3352218e-11 0.0000000e+00 0.0000000e+00 1.3370686e-35 0.0000000e+00
 0.0000000e+00 0.0000000e+00 0.0000000e+00 1.2397817e-31 6.3548579e-25
 4.0166077e-13 2.3294453e-02 9.0488416e-01 2.6489063e-03 0.0000000e+00
 0.0000000e+00 0.0000000e+00 2.4622481e-21 2.6423055e-07 5.5085509e-03
 1.2596116e-03 2.0657065e-07 4.1003686e-06 9.6344121e-04 6.1429627e-02
 6.6992275e-06 3.0003942e-08 1.3240872e-09 3.2882713e-14 9.0060153e-28
 7.3914714e-26]"
127,psi_5,psi_14,data/testData_PILed/psi_5/38.jpg,False,"[5.46550272e-09 0.00000000e+00 0.00000000e+00 1.13457530e-33
 0.00000000e+00 0.00000000e+00 0.00000000e+00 0.00000000e+00
 1.31191883e-27 1.75759805e-20 1.64159553e-09 7.88478017e-01
 1.27403378e-01 1.83152806e-05 0.00000000e+00 0.00000000e+00
 0.00000000e+00 5.65685660e-17 1.94967477e-04 3.15875225e-02
 1.04231862e-04 1.05153476e-10 3.13963244e-10 8.56577913e-07
 5.20168729e-02 1.95941975e-04 1.56441204e-09 1.72954373e-09
 3.95614314e-12 5.38499765e-24 9.71372948e-25]"
128,psi_5,psi_14_5,data/testData_PILed/psi_5/20.jpg,False,"[8.7369577e-11 0.0000000e+00 0.0000000e+00 3.3486565e-36 0.0000000e+00
 0.0000000e+00 0.0000000e+00 0.0000000e+00 4.8617676e-32 2.3013942e-25
 4.3548264e-14 5.2690078e-03 9.5542806e-01 1.1521090e-02 0.0000000e+00
 0.0000000e+00 0.0000000e+00 6.6659999e-22 6.3290678e-08 5.9541012e-03
 1.1211141e-02 2.3314960e-06 1.6281781e-05 9.2178077e-04 9.6752318e-03
 7.3628718e-07 4.1756589e-09 1.9867318e-10 4.8552301e-15 2.1063958e-28
 1.1688770e-26]"
129,psi_5,psi_14_5,data/testData_PILed/psi_5/117.jpg,False,"[1.38719537e-04 2.21436896e-27 1.77657532e-35 2.65625665e-18
 5.09583279e-24 2.32872178e-31 1.16928539e-31 2.39166974e-31
 6.02823142e-15 1.63297969e-11 1.60704758e-06 1.18056424e-01
 4.78092492e-01 1.87545288e-02 1.87702456e-35 7.59815230e-33
 1.32017185e-22 8.68150329e-10 1.96925225e-03 2.25900814e-01
 1.30283073e-01 1.18386131e-04 8.13893421e-05 9.57040582e-04
 2.49614455e-02 6.79419842e-04 2.48883725e-06 2.83324812e-06
 1.40238100e-07 1.97291348e-13 5.10239434e-14]"
130,psi_5,psi_4,data/testData_PILed/psi_5/143.jpg,False,"[3.5457648e-03 3.0439754e-25 2.8631404e-33 2.7096725e-17 6.2102015e-23
 1.8015668e-29 1.9546359e-28 4.0437607e-27 9.0824023e-13 3.3641609e-09
 5.6901423e-05 2.4068227e-01 1.1703603e-01 1.2725348e-03 1.1930754e-32
 3.9785136e-29 1.3556588e-19 1.8077087e-07 3.4404196e-02 5.5054802e-01
 4.4457976e-02 3.7566761e-06 5.1277618e-07 1.3975339e-05 6.3426211e-03
 1.6327411e-03 1.5519812e-07 1.3567000e-06 9.9683837e-07 1.7125473e-11
 1.2164560e-13]"
131,psi_5,psi_6_5,data/testData_PILed/psi_5/150.jpg,False,"[2.8452487e-09 0.0000000e+00 0.0000000e+00 7.6378680e-29 0.0000000e+00
 0.0000000e+00 0.0000000e+00 0.0000000e+00 1.6329379e-25 9.6270795e-20
 2.5678757e-09 2.4088068e-01 1.7092210e-01 2.2654523e-04 0.0000000e+00
 0.0000000e+00 0.0000000e+00 1.2943211e-16 3.6282338e-05 7.2327396e-03
 5.2039795e-05 1.8758094e-08 2.4472132e-07 3.1137586e-04 5.7904863e-01
 1.2849701e-03 3.8966032e-06 4.4934799e-07 1.6346735e-10 7.1127052e-22
 1.6511132e-20]"
133,psi_5,psi_14_5,data/testData_PILed/psi_5/39.jpg,False,"[1.40973735e-14 0.00000000e+00 0.00000000e+00 0.00000000e+00
 0.00000000e+00 0.00000000e+00 0.00000000e+00 0.00000000e+00
 0.00000000e+00 4.02053525e-33 6.12093025e-19 2.62648042e-04
 8.59002709e-01 1.01097122e-01 0.00000000e+00 0.00000000e+00
 0.00000000e+00 6.95456613e-29 2.55181761e-11 1.39432275e-04
 3.09464568e-03 3.89616398e-05 1.58246059e-03 2.57745162e-02
 9.00734589e-03 1.88908214e-08 9.87827420e-09 1.98901104e-11
 1.29007471e-18 6.62056943e-36 1.73403461e-31]"
134,psi_5,psi_14_5,data/testData_PILed/psi_5/81.jpg,False,"[1.7096789e-11 0.0000000e+00 0.0000000e+00 0.0000000e+00 0.0000000e+00
 0.0000000e+00 0.0000000e+00 0.0000000e+00 6.7859030e-34 1.5538119e-26
 4.8955150e-14 1.7467925e-02 9.4936424e-01 1.6352973e-03 0.0000000e+00
 0.0000000e+00 0.0000000e+00 1.0983074e-22 1.2511693e-07 6.4468626e-03
 1.7424923e-03 4.9148028e-08 6.4549579e-07 2.0079377e-04 2.3140006e-02
 1.5112846e-06 1.5242659e-09 8.7614367e-11 1.8811346e-15 7.3372695e-30
 2.5004714e-28]"
135,psi_5,psi_14,data/testData_PILed/psi_5/128.jpg,False,"[1.13196285e-04 0.00000000e+00 0.00000000e+00 2.49276393e-29
 0.00000000e+00 0.00000000e+00 0.00000000e+00 0.00000000e+00
 1.47088190e-20 6.30418840e-14 2.22618746e-06 5.00418842e-01
 7.11693801e-03 4.06892639e-07 0.00000000e+00 0.00000000e+00
 4.46768742e-33 7.34683078e-11 4.98161577e-02 4.41866636e-01
 3.22889042e-04 3.22743048e-12 7.61943067e-14 1.27111932e-10
 2.14527521e-04 1.28204614e-04 5.89821757e-13 9.62471630e-11
 2.81358992e-10 2.82132757e-18 5.98071487e-23]"
136,psi_5,psi_14,data/testData_PILed/psi_5/23.jpg,False,"[1.7683412e-08 0.0000000e+00 0.0000000e+00 4.3166662e-33 0.0000000e+00
 0.0000000e+00 0.0000000e+00 0.0000000e+00 1.5986246e-26 2.1132490e-19
 6.1455312e-09 8.8081074e-01 6.0490750e-02 6.1278542e-06 0.0000000e+00
 0.0000000e+00 0.0000000e+00 5.3121481e-16 5.0742680e-04 3.6693271e-02
 8.0426347e-05 2.8149358e-11 4.4054156e-11 1.3124972e-07 2.1225261e-02
 1.8591325e-04 3.6249451e-10 9.4135177e-10 7.0331466e-12 4.1406271e-23
 1.5432243e-24]"
137,psi_5,psi_4,data/testData_PILed/psi_5/5.jpg,False,"[1.26896769e-01 3.08698894e-27 1.75928184e-35 5.62296249e-20
 4.58070913e-26 8.23674005e-32 2.96356533e-29 1.61540163e-25
 1.67885901e-13 2.20535012e-09 1.59121701e-05 1.51063064e-02
 7.73245189e-03 3.38303907e-05 1.07675035e-33 3.18516120e-28
 1.05086046e-19 4.40865477e-07 3.10361199e-02 8.01496923e-01
 1.75922588e-02 4.55091538e-08 3.26070004e-10 9.37645339e-09
 2.79822580e-05 6.09162489e-05 2.57397905e-11 4.50102577e-09
 6.05146013e-08 2.60350465e-12 1.70001405e-16]"
138,psi_5,psi_4,data/testData_PILed/psi_5/8.jpg,False,"[1.28719239e-02 3.98924961e-32 0.00000000e+00 1.25120155e-22
 3.61081584e-30 4.15369303e-38 3.31107457e-35 4.18542140e-32
 3.97559615e-15 3.97892191e-10 3.49713846e-05 8.58597755e-02
 6.09294372e-03 3.37390588e-06 0.00000000e+00 2.34126720e-35
 2.07414945e-23 1.14517945e-07 1.01110250e-01 7.91287065e-01
 2.49830820e-03 6.63606892e-10 5.79355444e-12 1.08787679e-09
 6.85304840e-05 1.72693079e-04 7.41583878e-12 1.74450066e-09
 2.53699088e-08 1.15535579e-13 2.36539120e-18]"
140,psi_5,psi_14_5,data/testData_PILed/psi_5/123.jpg,False,"[7.5094223e-11 0.0000000e+00 0.0000000e+00 3.2149935e-37 0.0000000e+00
 0.0000000e+00 0.0000000e+00 0.0000000e+00 4.6286483e-32 1.1564816e-24
 4.0387832e-12 1.9168244e-01 6.6427678e-01 2.5187782e-04 0.0000000e+00
 0.0000000e+00 0.0000000e+00 9.5131958e-21 3.5936664e-06 1.3805623e-02
 2.7987958e-04 2.2780438e-09 3.1004788e-08 4.5321169e-05 1.2962562e-01
 2.8818713e-05 5.8601413e-09 7.4800638e-10 5.7872706e-14 6.2674373e-28
 5.2636197e-27]"
141,psi_5,psi_4,data/testData_PILed/psi_5/51.jpg,False,"[3.7887427e-01 6.5192826e-24 8.3822339e-32 8.7738518e-18 2.0333404e-23
 1.5417900e-28 4.2275233e-25 2.6420024e-21 8.1544514e-11 5.6429110e-07
 7.5232354e-04 1.6419562e-02 8.7926525e-04 1.0798753e-06 6.9209752e-30
 2.9496452e-24 2.8309932e-16 8.4973653e-05 2.0070116e-01 4.0114686e-01
 8.5038063e-04 1.0271477e-09 5.0501331e-12 3.2601852e-10 1.0435220e-05
 2.7807450e-04 1.2919995e-11 8.6107894e-09 1.0346841e-06 6.6359268e-10
 4.8255221e-15]"
142,psi_5,psi_14,data/testData_PILed/psi_5/14.jpg,False,"[3.4562178e-04 7.1133207e-28 3.2047903e-38 1.2113020e-17 2.0857139e-24
 2.6834866e-33 1.5734245e-32 4.8799344e-33 4.4000288e-13 4.4729269e-09
 1.0110153e-03 7.8165865e-01 1.0157542e-02 1.8009498e-05 1.9859561e-38
 2.1548914e-35 4.5163789e-22 2.6946060e-07 9.1840297e-02 5.7484031e-02
 1.3354588e-04 8.9071417e-09 3.3449599e-09 1.0508319e-06 2.8506663e-02
 2.8825779e-02 8.2585183e-07 9.2612863e-06 7.5668195e-06 2.7727489e-11
 2.9359861e-13]"
143,psi_5,psi_8_5,data/testData_PILed/psi_5/62.jpg,False,"[8.2736738e-02 2.1864912e-06 6.2369898e-10 1.4274450e-03 3.1130752e-05
 3.2508108e-08 3.7356703e-08 4.2167306e-10 1.0077021e-02 4.7639515e-02
 1.4084175e-01 2.3953503e-03 4.0289877e-05 6.9846847e-06 1.2000297e-10
 1.5699532e-10 1.8015071e-05 4.8667885e-02 1.0230181e-02 4.2256521e-04
 1.4368845e-06 1.5344544e-06 2.3393744e-07 8.4458125e-06 2.3516808e-03
 1.4918351e-01 1.5841565e-03 5.9696410e-02 3.6740723e-01 6.2222499e-02
 1.3005758e-02]"
144,psi_5,psi_13_5,data/testData_PILed/psi_5/46.jpg,False,"[1.04482897e-01 9.72645964e-10 1.99380612e-14 3.87817636e-06
 1.22361916e-08 2.25396915e-12 1.58607190e-11 1.78612702e-12
 7.34804431e-04 1.46154258e-02 3.40483606e-01 2.57715099e-02
 2.94241210e-04 1.56937531e-05 1.07071021e-14 1.37134187e-13
 2.18696414e-07 3.70883122e-02 8.60886425e-02 4.24825074e-03
 1.50914711e-05 8.58026169e-07 1.31703970e-07 5.30283114e-06
 6.90397993e-03 2.70025730e-01 2.68362288e-04 9.38097574e-03
 9.59775671e-02 3.48378113e-03 1.10809924e-04]"
145,psi_5,psi_14_5,data/testData_PILed/psi_5/116.jpg,False,"[2.1857165e-14 0.0000000e+00 0.0000000e+00 0.0000000e+00 0.0000000e+00
 0.0000000e+00 0.0000000e+00 0.0000000e+00 0.0000000e+00 1.3248924e-33
 3.1782262e-19 2.9621724e-04 9.0553880e-01 7.8170754e-02 0.0000000e+00
 0.0000000e+00 0.0000000e+00 3.0922707e-29 3.3129683e-11 2.5990439e-04
 6.5287915e-03 1.4767097e-05 2.7805709e-04 5.0405581e-03 3.8720935e-03
 7.6185378e-09 7.6433643e-10 2.9000506e-12 2.9405226e-19 8.1978938e-37
 5.0365793e-33]"
146,psi_5,psi_4,data/testData_PILed/psi_5/108.jpg,False,"[1.71623693e-03 1.18447615e-35 0.00000000e+00 1.20596154e-24
 7.60245020e-33 0.00000000e+00 0.00000000e+00 4.19945653e-37
 2.32462187e-17 4.79086128e-12 3.09927555e-06 1.27902269e-01
 2.31700391e-02 1.72090131e-05 0.00000000e+00 0.00000000e+00
 7.37199992e-27 1.89860505e-09 2.86513194e-02 8.10606003e-01
 7.61233177e-03 2.57028243e-09 4.98122620e-11 8.50645776e-09
 2.17489942e-04 1.03950835e-04 1.69439861e-11 1.28266497e-09
 3.52170026e-09 1.25145073e-15 1.27994800e-19]"
147,psi_5,psi_14_5,data/testData_PILed/psi_5/32.jpg,False,"[9.2377224e-11 0.0000000e+00 0.0000000e+00 0.0000000e+00 0.0000000e+00
 0.0000000e+00 0.0000000e+00 0.0000000e+00 3.1162934e-34 2.3458144e-26
 6.2857434e-14 2.6934341e-02 9.3677568e-01 7.4560614e-04 0.0000000e+00
 0.0000000e+00 0.0000000e+00 2.1620842e-22 4.2515717e-07 2.4245773e-02
 5.7321810e-03 7.7430240e-09 2.5008806e-08 1.0033333e-05 5.5554174e-03
 5.5403063e-07 2.6008725e-11 5.5306632e-12 5.2080377e-16 2.4397308e-30
 4.2476641e-30]"
148,psi_5,psi_14,data/testData_PILed/psi_5/112.jpg,False,"[1.6818515e-03 3.3488108e-24 7.5836201e-34 8.6427795e-15 7.4551398e-21
 2.7828815e-29 1.0187749e-28 6.2235817e-30 7.4739138e-11 2.0507294e-07
 1.4301383e-02 5.2236336e-01 3.0425542e-03 8.3082632e-06 2.0785837e-34
 4.6938248e-32 3.1702235e-19 7.1008922e-06 1.7530838e-01 2.5265539e-02
 1.8432511e-05 9.5779793e-09 3.0793548e-09 1.2540299e-06 5.0174650e-02
 2.0736332e-01 1.1856007e-05 1.7069126e-04 2.8115272e-04 4.3350141e-09
 8.0887831e-11]"
149,psi_5,psi_14_5,data/testData_PILed/psi_5/71.jpg,False,"[3.2213420e-12 0.0000000e+00 0.0000000e+00 0.0000000e+00 0.0000000e+00
 0.0000000e+00 0.0000000e+00 0.0000000e+00 4.2381664e-37 6.6882840e-29
 2.4145115e-15 1.1224698e-02 9.7150660e-01 8.4248203e-04 0.0000000e+00
 0.0000000e+00 0.0000000e+00 1.1044441e-24 3.5343309e-08 6.4150412e-03
 1.9207223e-03 7.7138846e-09 7.2759725e-08 3.5473029e-05 8.0544949e-03
 2.3680552e-07 4.7826351e-11 3.2230752e-12 4.2068639e-17 8.8808899e-33
 1.5298344e-31]"
150,psi_5,psi_4,data/testData_PILed/psi_5/45.jpg,False,"[1.4337781e-03 5.5893006e-35 0.0000000e+00 5.9265944e-24 3.9249418e-32
 0.0000000e+00 0.0000000e+00 7.8703316e-37 9.6383595e-17 1.7982811e-11
 1.1470377e-05 2.4099427e-01 1.8455368e-02 9.5441274e-06 0.0000000e+00
 0.0000000e+00 2.5331550e-26 6.0244045e-09 5.7288885e-02 6.7782551e-01
 3.3125968e-03 1.1202249e-09 2.9937313e-11 7.5727584e-09 3.9591521e-04
 2.7263141e-04 4.1456404e-11 3.1959992e-09 1.0223063e-08 5.2383715e-15
 5.4849199e-19]"
151,psi_5,psi_14_5,data/testData_PILed/psi_5/82.jpg,False,"[1.8280339e-09 0.0000000e+00 0.0000000e+00 0.0000000e+00 0.0000000e+00
 0.0000000e+00 0.0000000e+00 0.0000000e+00 1.1400833e-32 3.9430759e-25
 7.5538107e-14 1.1884649e-02 8.7000144e-01 2.2968629e-03 0.0000000e+00
 0.0000000e+00 0.0000000e+00 2.2037340e-21 5.5498930e-07 5.6805436e-02
 5.7877675e-02 6.5885963e-08 4.8030110e-08 5.3927342e-06 1.1276819e-03
 1.6706349e-07 5.1022567e-12 2.4588903e-12 7.3056062e-16 3.2379165e-29
 1.3076676e-29]"
152,psi_5,psi_14,data/testData_PILed/psi_5/114.jpg,False,"[1.78437232e-09 0.00000000e+00 0.00000000e+00 1.01549065e-33
 0.00000000e+00 0.00000000e+00 0.00000000e+00 0.00000000e+00
 2.49648549e-28 2.59187654e-21 6.15944351e-10 6.34865820e-01
 2.06486925e-01 4.49384206e-05 0.00000000e+00 0.00000000e+00
 0.00000000e+00 9.53223665e-18 7.46852820e-05 2.20602937e-02
 9.17270227e-05 3.76185444e-10 2.18924656e-09 5.90171430e-06
 1.36109859e-01 2.59835360e-04 1.08985052e-08 4.88008522e-09
 3.60323360e-12 1.57577865e-24 1.64045814e-24]"
153,psi_5,psi_7,data/testData_PILed/psi_5/60.jpg,False,"[4.17314954e-02 4.67002117e-08 7.50767244e-12 2.68780539e-04
 2.42683836e-06 7.10895565e-10 2.23691093e-10 1.65344366e-12
 7.29249208e-04 5.54269273e-03 9.76205915e-02 1.68401729e-02
 6.49208901e-04 1.16535404e-04 8.38819953e-13 7.43448163e-13
 3.17528134e-07 1.02056665e-02 2.33518910e-02 2.47940002e-03
 1.81533214e-05 1.94206423e-05 6.98078429e-06 2.32158403e-04
 2.73038801e-02 3.53711128e-01 1.69619210e-02 1.53731734e-01
 2.34489471e-01 7.68726598e-03 6.29934017e-03]"
154,psi_5,psi_14,data/testData_PILed/psi_5/75.jpg,False,"[1.8810875e-08 0.0000000e+00 0.0000000e+00 3.2289695e-32 0.0000000e+00
 0.0000000e+00 0.0000000e+00 0.0000000e+00 2.8031608e-26 1.7143940e-19
 3.4644503e-09 7.3819745e-01 1.6907428e-01 4.1162486e-05 0.0000000e+00
 0.0000000e+00 0.0000000e+00 3.6293911e-16 2.9875533e-04 4.8542980e-02
 3.0256654e-04 4.5963677e-10 1.0909301e-09 1.5294170e-06 4.3340698e-02
 2.0053965e-04 2.2387081e-09 2.8900888e-09 1.0238932e-11 6.3278105e-23
 8.7947128e-24]"
155,psi_5,psi_7,data/testData_PILed/psi_5/65.jpg,False,"[1.6617710e-03 4.1807465e-21 1.6253914e-30 9.4959015e-12 2.7963631e-17
 6.8083811e-26 3.2916019e-26 2.1705893e-29 3.5480194e-09 1.9071939e-06
 3.7416834e-02 3.5615891e-02 5.5875495e-05 4.0251825e-07 5.1567374e-32
 5.2341712e-31 1.6076919e-17 2.9684590e-05 2.2707252e-02 5.6706660e-04
 5.3996228e-08 1.5331902e-09 4.0555587e-10 4.2760283e-07 2.7250469e-02
 8.5954553e-01 2.2032604e-04 5.2255825e-03 9.7006308e-03 3.4731158e-07
 4.9739388e-08]"
156,psi_5,psi_14_5,data/testData_PILed/psi_5/109.jpg,False,"[1.2429740e-12 0.0000000e+00 0.0000000e+00 0.0000000e+00 0.0000000e+00
 0.0000000e+00 0.0000000e+00 0.0000000e+00 1.1430767e-37 1.6858112e-29
 9.8387228e-16 7.5992015e-03 9.7641307e-01 1.0691229e-03 0.0000000e+00
 0.0000000e+00 0.0000000e+00 2.9368032e-25 1.5007780e-08 3.8577334e-03
 1.4241920e-03 1.2198563e-08 1.7161972e-07 7.6359524e-05 9.5597906e-03
 1.9753608e-07 9.2965198e-11 3.9564367e-12 2.6718696e-17 2.9727130e-33
 1.3426301e-31]"
157,psi_5,psi_14,data/testData_PILed/psi_5/182.jpg,False,"[2.0721829e-09 0.0000000e+00 0.0000000e+00 1.1149417e-35 0.0000000e+00
 0.0000000e+00 0.0000000e+00 0.0000000e+00 2.3600865e-29 6.7204386e-22
 2.2054726e-10 6.6193229e-01 2.5254318e-01 3.5797013e-05 0.0000000e+00
 0.0000000e+00 0.0000000e+00 3.3856558e-18 8.1736158e-05 4.0256627e-02
 2.4379903e-04 1.5731588e-10 5.3105503e-10 1.1934203e-06 4.4833001e-02
 7.2318013e-05 5.2341942e-10 4.6375048e-10 5.2422389e-13 1.2976116e-25
 2.9997413e-26]"
158,psi_5,psi_14_5,data/testData_PILed/psi_5/166.jpg,False,"[4.4083883e-09 0.0000000e+00 0.0000000e+00 2.4705191e-32 0.0000000e+00
 0.0000000e+00 0.0000000e+00 0.0000000e+00 1.1971177e-27 2.0815009e-21
 2.9732678e-11 6.3246191e-02 8.6461848e-01 2.6100688e-03 0.0000000e+00
 0.0000000e+00 0.0000000e+00 3.3190850e-18 6.7728606e-06 3.2300405e-02
 7.0071109e-03 2.7265150e-07 1.1931301e-06 1.8143834e-04 3.0010913e-02
 1.7127128e-05 1.1379336e-08 2.3538909e-09 8.9629546e-13 2.0559058e-24
 7.2332005e-24]"
159,psi_5,psi_14_5,data/testData_PILed/psi_5/163.jpg,False,"[1.0459565e-12 0.0000000e+00 0.0000000e+00 0.0000000e+00 0.0000000e+00
 0.0000000e+00 0.0000000e+00 0.0000000e+00 7.3617909e-36 1.7134180e-28
 2.7061839e-15 5.3931023e-03 9.5573562e-01 2.9549170e-03 0.0000000e+00
 0.0000000e+00 0.0000000e+00 1.5498262e-24 9.5817025e-09 1.6326448e-03
 7.9135882e-04 1.4959916e-07 5.4620809e-06 1.3867127e-03 3.2099329e-02
 7.1439763e-07 6.1946066e-09 1.0310524e-10 3.3390007e-16 1.5359365e-31
 7.0729067e-29]"
160,psi_5,psi_4,data/testData_PILed/psi_5/33.jpg,False,"[3.0069638e-02 1.3330035e-33 0.0000000e+00 9.1204548e-24 6.3801825e-32
 0.0000000e+00 1.7664185e-36 7.0620806e-33 6.9706221e-15 1.8221958e-09
 2.0061302e-04 6.9606110e-02 6.8094203e-04 6.6416447e-08 0.0000000e+00
 9.7314515e-37 1.1638082e-23 9.0652009e-07 3.6991245e-01 5.2916408e-01
 1.4952064e-04 3.8014002e-12 1.2073688e-14 7.2496527e-12 1.0530404e-05
 2.0521968e-04 1.7957424e-13 2.5236790e-10 2.8852700e-08 1.9356111e-13
 1.9096934e-19]"
161,psi_5,psi_14,data/testData_PILed/psi_5/66.jpg,False,"[4.69476545e-05 0.00000000e+00 0.00000000e+00 1.04744115e-29
 0.00000000e+00 0.00000000e+00 0.00000000e+00 0.00000000e+00
 4.54554084e-21 2.34708442e-14 1.53830786e-06 6.21452689e-01
 7.90908281e-03 4.38710515e-07 0.00000000e+00 0.00000000e+00
 5.34481761e-34 2.75256293e-11 3.66957411e-02 3.33159685e-01
 2.58659216e-04 2.85426804e-12 1.01858422e-13 1.93272620e-10
 3.36874888e-04 1.38403033e-04 9.70167956e-13 1.13519250e-10
 2.04147477e-10 1.09123114e-18 4.05751490e-23]"
162,psi_5,psi_13_5,data/testData_PILed/psi_5/99.jpg,False,"[1.9348684e-01 1.5968682e-10 6.7466047e-16 3.8904599e-08 8.5195871e-11
 5.0280784e-14 4.3889385e-11 2.3583668e-10 1.7353155e-03 8.1098199e-02
 3.9603189e-01 1.2326594e-03 1.6770075e-06 1.9825247e-08 4.6910819e-15
 2.4204744e-12 2.1266933e-06 2.5463715e-01 4.6995088e-02 4.1355891e-04
 2.5952889e-07 3.5540013e-10 5.8950648e-12 4.4312171e-10 1.9193083e-05
 1.1851471e-02 3.0891457e-08 2.6143971e-05 9.6293082e-03 2.8386433e-03
 4.9349558e-07]"
163,psi_5,psi_4,data/testData_PILed/psi_5/157.jpg,False,"[3.4108616e-02 2.1599826e-31 0.0000000e+00 1.7938212e-22 8.8194306e-30
 3.9337156e-37 5.3183171e-34 2.2959865e-30 7.5248323e-15 6.0460315e-10
 2.6282509e-05 3.8054399e-02 3.9361101e-03 2.6189944e-06 0.0000000e+00
 1.2017792e-33 1.3384968e-22 2.0599042e-07 7.8106239e-02 8.4270233e-01
 2.9559438e-03 6.4289002e-10 3.4199518e-12 4.4946658e-10 2.2149659e-05
 8.5085114e-05 2.1624521e-12 8.1727475e-10 2.0064178e-08 1.8424173e-13
 1.9684183e-18]"
164,psi_5,psi_7,data/testData_PILed/psi_5/161.jpg,False,"[5.65794064e-03 4.96174933e-13 1.31988009e-18 7.63707646e-07
 3.84793641e-10 1.27792740e-15 9.76991293e-17 1.25197947e-19
 1.98523389e-06 6.39612044e-05 2.95294914e-02 4.10131477e-02
 1.21067849e-03 1.05577055e-04 4.81291097e-20 3.81139462e-20
 9.65167703e-12 3.11628537e-04 1.85858086e-02 2.58127600e-03
 8.45268733e-06 5.73745137e-06 3.66780046e-06 3.60343547e-04
 1.10984743e-01 5.73424399e-01 3.21100578e-02 1.27133891e-01
 5.66521958e-02 7.57419111e-05 1.78525705e-04]"
165,psi_5,psi_14_5,data/testData_PILed/psi_5/105.jpg,False,"[1.7087604e-11 0.0000000e+00 0.0000000e+00 3.1631165e-37 0.0000000e+00
 0.0000000e+00 0.0000000e+00 0.0000000e+00 6.7531261e-33 1.1162001e-25
 6.7486365e-13 7.0918120e-02 7.4942803e-01 6.3115056e-04 0.0000000e+00
 0.0000000e+00 0.0000000e+00 8.6297869e-22 5.6256403e-07 5.6736362e-03
 2.3557399e-04 1.2541724e-08 3.1947056e-07 3.2066760e-04 1.7277247e-01
 1.9450206e-05 2.9639825e-08 1.3926201e-09 2.9340889e-14 1.2191141e-28
 8.1685653e-27]"
166,psi_5,psi_7,data/testData_PILed/psi_5/86.jpg,False,"[1.7419342e-02 2.0207360e-12 4.3414579e-18 8.7124323e-07 5.1849380e-10
 3.0686284e-15 1.1979391e-15 4.6248086e-18 1.3887583e-05 4.5067340e-04
 9.0697281e-02 3.2336723e-02 4.5374702e-04 2.7050282e-05 3.3534225e-19
 7.3754086e-19 1.2980493e-10 1.7463785e-03 3.2838009e-02 2.2860831e-03
 4.3247978e-06 1.2347485e-06 4.2698798e-07 4.1751788e-05 3.9195463e-02
 6.2569308e-01 5.0722961e-03 5.8053203e-02 9.3252130e-02 2.8969839e-04
 1.2636936e-04]"
167,psi_5,psi_4,data/testData_PILed/psi_5/165.jpg,False,"[1.8680006e-03 1.2594971e-38 0.0000000e+00 1.6785447e-26 8.8004048e-36
 0.0000000e+00 0.0000000e+00 0.0000000e+00 9.9896559e-18 1.0682205e-11
 2.2290933e-05 2.3906338e-01 3.0904512e-03 2.4702678e-07 0.0000000e+00
 0.0000000e+00 2.1044492e-28 7.6293780e-09 1.5704167e-01 5.9834254e-01
 3.1066668e-04 5.5914817e-12 4.9749454e-14 5.0030719e-11 6.8227106e-05
 1.9243945e-04 4.8463555e-13 2.0138784e-10 3.1847016e-09 7.2662023e-16
 4.0003424e-21]"
168,psi_5,psi_14_5,data/testData_PILed/psi_5/93.jpg,False,"[3.0522843e-12 0.0000000e+00 0.0000000e+00 0.0000000e+00 0.0000000e+00
 0.0000000e+00 0.0000000e+00 0.0000000e+00 1.9495308e-35 2.6433097e-28
 8.1484797e-16 2.0157730e-03 9.6147799e-01 1.7108498e-02 0.0000000e+00
 0.0000000e+00 0.0000000e+00 1.6143412e-24 4.1876023e-09 1.6442910e-03
 5.5490215e-03 3.0946474e-06 4.5452096e-05 2.3002939e-03 9.8552890e-03
 2.0050129e-07 3.9879651e-09 6.4289518e-11 1.9898751e-16 2.5191157e-31
 1.0897477e-28]"
169,psi_5,psi_14_5,data/testData_PILed/psi_5/95.jpg,False,"[1.9953472e-14 0.0000000e+00 0.0000000e+00 0.0000000e+00 0.0000000e+00
 0.0000000e+00 0.0000000e+00 0.0000000e+00 0.0000000e+00 2.7974920e-34
 8.1601322e-20 2.0373956e-04 8.3693540e-01 1.4342876e-01 0.0000000e+00
 0.0000000e+00 0.0000000e+00 7.6848735e-30 1.7771231e-11 2.5283260e-04
 1.3009311e-02 3.1840911e-05 3.5695397e-04 3.6914167e-03 2.0897179e-03
 3.1161684e-09 2.9275019e-10 1.1921162e-12 8.8679164e-20 1.3282472e-37
 6.9786955e-34]"
170,psi_5,psi_7,data/testData_PILed/psi_5/124.jpg,False,"[2.0677398e-03 1.5190177e-21 1.6579090e-30 1.3198876e-12 4.3082122e-18
 3.5722186e-26 3.6670310e-26 3.0287056e-28 1.2081900e-09 9.8271869e-07
 3.0044593e-02 2.3398852e-01 1.1380055e-03 7.3615606e-06 1.5894211e-31
 5.3346330e-30 1.4571382e-17 2.3100829e-05 9.0065859e-02 7.5374329e-03
 3.9064789e-06 2.1376502e-08 8.0637887e-09 3.5304784e-06 8.0137402e-02
 5.5070990e-01 1.6669565e-04 1.7829876e-03 2.3219751e-03 7.7122813e-08
 6.5156112e-09]"
171,psi_5,psi_6_5,data/testData_PILed/psi_5/144.jpg,False,"[1.4506555e-09 0.0000000e+00 0.0000000e+00 3.3922717e-30 0.0000000e+00
 0.0000000e+00 0.0000000e+00 0.0000000e+00 1.2096972e-26 1.1336766e-20
 6.0952887e-10 2.1367943e-01 3.0601746e-01 4.0655033e-04 0.0000000e+00
 0.0000000e+00 0.0000000e+00 1.9816007e-17 1.9773990e-05 9.2507657e-03
 1.2217826e-04 2.8642873e-08 4.2874490e-07 4.1204618e-04 4.6954030e-01
 5.4933177e-04 1.5308152e-06 1.5175000e-07 3.4827006e-11 5.7053084e-23
 1.3895018e-21]"
172,psi_5,psi_3_5,data/testData_PILed/psi_5/59.jpg,False,"[3.3915827e-01 7.8476882e-22 8.8558968e-30 3.9593462e-16 1.9054366e-21
 1.3940331e-26 5.7431093e-23 7.4662750e-20 3.7145829e-09 1.3838010e-05
 8.0466429e-03 2.2839287e-02 2.6936969e-04 2.1486552e-07 4.7952410e-28
 8.7329767e-23 1.7243394e-14 1.0695175e-03 4.7812426e-01 1.4901909e-01
 1.0552658e-04 2.3154674e-10 1.4786986e-12 1.6585470e-10 1.6758067e-05
 1.3265577e-03 4.3314997e-11 4.2689507e-08 1.0608796e-05 2.1095946e-08
 1.2076909e-13]"
173,psi_5,psi_14,data/testData_PILed/psi_5/171.jpg,False,"[2.4252287e-09 0.0000000e+00 0.0000000e+00 1.8138376e-34 0.0000000e+00
 0.0000000e+00 0.0000000e+00 0.0000000e+00 1.3942225e-28 2.2255735e-21
 4.8211912e-10 6.7680639e-01 2.1828741e-01 3.8359834e-05 0.0000000e+00
 0.0000000e+00 0.0000000e+00 8.9706662e-18 9.3281677e-05 3.1233042e-02
 1.5563983e-04 2.3788954e-10 9.8852360e-10 2.3484961e-06 7.3238835e-02
 1.4468322e-04 2.2784958e-09 1.5742753e-09 1.6909595e-12 7.5090683e-25
 3.0972368e-25]"
174,psi_5,psi_7,data/testData_PILed/psi_5/155.jpg,False,"[5.4309811e-03 5.1141719e-15 3.4127331e-21 1.4522412e-08 2.6927841e-12
 4.2766809e-18 1.4241015e-18 1.1102882e-20 4.3647665e-07 2.9778243e-05
 4.0653989e-02 1.2337349e-01 3.0023390e-03 1.3053349e-04 2.8599298e-22
 1.1133668e-21 9.7593548e-13 2.3775440e-04 5.2958213e-02 8.2195196e-03
 3.2107069e-05 3.3031004e-06 2.0675084e-06 1.7252981e-04 1.3894841e-01
 5.8053577e-01 5.8646598e-03 2.2789156e-02 1.7598385e-02 1.0712685e-05
 5.8192172e-06]"
175,psi_5,psi_14_5,data/testData_PILed/psi_5/170.jpg,False,"[2.2263640e-09 0.0000000e+00 0.0000000e+00 5.7878192e-34 0.0000000e+00
 0.0000000e+00 0.0000000e+00 0.0000000e+00 9.2736981e-29 4.6321519e-22
 3.1295931e-11 1.3692187e-01 7.8064889e-01 8.6869719e-04 0.0000000e+00
 0.0000000e+00 0.0000000e+00 1.2967990e-18 1.1849101e-05 3.6841478e-02
 2.8537428e-03 2.9639876e-08 1.4181585e-07 5.1283569e-05 4.1779045e-02
 2.2932762e-05 4.3610382e-09 1.1839160e-09 4.6209488e-13 2.7307850e-25
 5.2292219e-25]"
176,psi_5,psi_7,data/testData_PILed/psi_5/119.jpg,False,"[2.1207379e-03 7.0935490e-23 3.0561249e-32 1.1397776e-13 1.8000108e-19
 8.9932685e-28 1.8526909e-27 3.9658488e-29 3.4811018e-10 5.3449895e-07
 2.5031606e-02 3.6476302e-01 1.7274707e-03 6.9518110e-06 4.8867831e-33
 4.3454382e-31 2.2912808e-18 1.5319027e-05 1.3909519e-01 1.3806376e-02
 7.4047248e-06 1.2204944e-08 4.0484691e-09 1.8343018e-06 6.4637788e-02
 3.8718778e-01 4.4412547e-05 6.0092326e-04 9.5269707e-04 2.1577355e-08
 7.9208468e-10]"
177,psi_5,psi_4,data/testData_PILed/psi_5/100.jpg,False,"[1.76310062e-01 2.07060869e-27 4.86093855e-36 3.98884263e-20
 2.02175698e-26 2.71073200e-32 3.15620226e-29 2.75259997e-25
 4.32189224e-13 8.15216605e-09 5.30358811e-05 1.69476271e-02
 3.04178637e-03 5.19859987e-06 4.07686925e-34 2.94776963e-28
 2.13928953e-19 1.98984253e-06 7.11264089e-02 7.27788687e-01
 4.62770322e-03 3.62675934e-09 1.80518100e-11 9.64193836e-10
 1.35351365e-05 8.38919514e-05 6.09654601e-12 2.37806952e-09
 8.76984814e-08 6.22257888e-12 9.67227783e-17]"
179,psi_5,psi_14,data/testData_PILed/psi_5/21.jpg,False,"[2.9661664e-06 0.0000000e+00 0.0000000e+00 4.1082794e-27 2.2279550e-36
 0.0000000e+00 0.0000000e+00 0.0000000e+00 1.6760613e-21 6.4642532e-16
 4.7482406e-08 3.9439437e-01 3.3975130e-01 6.0753518e-04 0.0000000e+00
 0.0000000e+00 7.9633571e-34 3.0003644e-13 1.1883803e-03 2.3559080e-01
 1.3735069e-02 7.3682379e-08 4.3414019e-08 6.9310145e-06 1.4547246e-02
 1.7528310e-04 5.1376152e-09 1.2342494e-08 2.9350050e-10 4.5124072e-19
 1.7247863e-20]"
180,psi_5,psi_4,data/testData_PILed/psi_5/152.jpg,False,"[1.75031985e-03 6.20572592e-38 0.00000000e+00 2.88006460e-26
 4.05050701e-35 0.00000000e+00 0.00000000e+00 0.00000000e+00
 3.99266061e-18 2.35957803e-12 3.18675757e-06 1.21426605e-01
 9.87885892e-03 2.62798062e-06 0.00000000e+00 0.00000000e+00
 3.03397811e-28 1.52454760e-09 4.34434786e-02 8.20808828e-01
 2.54050968e-03 1.50962173e-10 1.57788854e-12 5.62777436e-10
 7.65489458e-05 6.90253510e-05 1.23077958e-12 2.20604673e-10
 1.30687805e-09 2.63410227e-16 5.51665128e-21]"
181,psi_5,psi_14_5,data/testData_PILed/psi_5/35.jpg,False,"[1.45093290e-05 9.57387660e-29 6.99945489e-37 8.64410978e-19
 1.23147173e-24 1.50439914e-32 9.37232482e-34 2.49866064e-34
 2.31409825e-16 5.59895392e-13 1.59215872e-07 5.14904298e-02
 6.28459036e-01 7.10735321e-02 2.56587592e-37 2.02688301e-35
 1.41309078e-24 2.96962316e-11 2.42439652e-04 7.49531463e-02
 1.17435284e-01 9.51101480e-04 1.51378172e-03 1.00543601e-02
 4.33378741e-02 4.51516651e-04 1.71628344e-05 5.69543863e-06
 4.39874803e-08 1.27885763e-14 4.15482366e-14]"
182,psi_5,psi_14,data/testData_PILed/psi_5/133.jpg,False,"[3.8554889e-04 6.6958224e-26 3.4304576e-36 3.2203773e-15 1.0494001e-21
 4.0071192e-31 2.2723611e-31 1.3119136e-33 5.8820969e-12 1.8442131e-08
 5.7938076e-03 4.3017346e-01 2.4920187e-03 7.9753609e-06 2.4054373e-37
 1.4814399e-35 2.7135494e-21 8.7818574e-07 6.8110146e-02 1.0588742e-02
 4.7981598e-06 8.9158387e-09 4.9356790e-09 3.6029003e-06 1.3488755e-01
 3.4671286e-01 7.7828547e-05 4.9130461e-04 2.6947446e-04 8.0909390e-10
 8.7884915e-11]"
183,psi_5,psi_4,data/testData_PILed/psi_5/92.jpg,False,"[4.2554568e-02 9.8730191e-20 1.6638345e-26 7.2677487e-14 1.7265148e-18
 1.5552803e-23 1.0411044e-21 4.3661100e-20 3.2112599e-09 3.3115621e-06
 3.5283028e-03 2.1577753e-01 1.9873856e-02 1.4157333e-04 1.2201286e-25
 4.0404842e-22 2.0144083e-14 9.3370734e-05 2.7474940e-01 4.2650920e-01
 6.7249732e-03 6.5534948e-07 4.3493223e-08 1.5222358e-06 2.7204975e-03
 7.2780275e-03 1.7497423e-07 5.6167150e-06 3.7293074e-05 2.4338972e-08
 2.8855607e-11]"
68,psi_8,psi-NAN,data/testData_PILed/psi_8/68.jpg,False,"[6.4443010e-01 6.5808391e-15 1.4250979e-21 2.2491557e-13 7.1629368e-17
 1.7047684e-19 1.2262781e-13 6.6888123e-10 7.9446516e-05 1.8205341e-02
 1.3157686e-02 2.1568324e-06 5.5356780e-10 1.8558127e-13 4.5118334e-19
 3.5275491e-13 2.0256203e-07 3.1969765e-01 4.3329815e-03 1.1775316e-05
 2.2351407e-10 4.7448832e-16 2.5551710e-19 5.0081716e-17 2.7507227e-10
 1.6359667e-05 1.7625881e-15 2.7127761e-10 2.0155385e-05 4.6101213e-05
 1.0424100e-12]"
70,psi_8,psi-NAN,data/testData_PILed/psi_8/70.jpg,False,"[8.0451709e-01 2.1390732e-16 2.0096654e-23 2.6038392e-14 3.4071210e-18
 3.8067167e-21 2.2852297e-15 2.1477292e-11 1.2263260e-05 5.4620332e-03
 1.1137172e-02 6.5478634e-06 2.6919018e-09 7.3193849e-13 7.4506024e-21
 9.8534707e-15 1.2737909e-08 1.6951132e-01 9.2577003e-03 5.5271026e-05
 1.3275675e-09 1.2982656e-15 7.2407431e-19 1.4111415e-16 6.3477135e-10
 2.0319156e-05 1.8378946e-15 2.1983142e-10 1.0701216e-05 9.5051219e-06
 2.2174040e-13]"
50,psi_9,psi_12_5,data/testData_PILed/psi_9/83.jpg,False,"[2.5495124e-04 6.5435823e-05 8.9442659e-10 1.0024286e-06 4.4442680e-07
 1.7117594e-08 2.9204055e-04 7.3703386e-06 8.1983542e-01 4.2461757e-02
 1.3438054e-05 8.6536774e-15 6.0634552e-21 4.2873461e-23 2.8778211e-09
 1.6569382e-07 1.1753118e-01 1.4327646e-03 1.5855829e-10 1.5298499e-15
 5.6656148e-23 3.2708858e-23 2.8675102e-27 1.0542359e-24 1.5326354e-16
 4.5156412e-09 5.2756948e-17 1.6064779e-10 2.3185265e-05 1.8080546e-02
 2.0748864e-08]"
83,psi_9,psi_12_5,data/testData_PILed/psi_9/111.jpg,False,"[2.4197302e-03 3.4505325e-07 1.2112968e-13 4.5258744e-07 1.4406976e-08
 1.2292379e-11 2.2099736e-07 3.0134850e-09 4.7246662e-01 4.1957939e-01
 1.0303142e-03 3.8864719e-12 4.8052373e-18 1.8868452e-20 2.7493673e-13
 3.2643537e-11 1.9975735e-03 2.5568353e-02 2.9318004e-08 3.4183553e-13
 2.8135476e-20 2.6154001e-21 4.9145211e-25 5.5686779e-22 5.6993676e-14
 8.8904608e-07 3.1857680e-15 6.7056063e-09 6.9529103e-04 7.6240681e-02
 1.1848556e-07]"
111,psi_9,psi_13,data/testData_PILed/psi_9/50.jpg,False,"[5.2941092e-03 6.5385359e-09 4.1288256e-16 2.9232274e-07 1.6673560e-09
 1.3720633e-13 1.0213556e-09 6.1075632e-12 1.2650368e-01 6.7516541e-01
 5.6258040e-03 7.9968997e-11 1.3468505e-16 5.1594936e-19 5.4709112e-16
 5.8436776e-14 5.2160492e-05 5.7418399e-02 2.8661375e-07 3.8445124e-12
 4.1959988e-19 2.8575707e-20 9.8050267e-24 2.3064463e-20 1.4791979e-12
 1.2704795e-05 5.7470040e-14 7.6014430e-08 4.3473882e-03 1.2557919e-01
 5.0017036e-07]"
178,psi_13,psi_13,data/testData_PILed/psi_13/37.jpg,True,"[9.7106189e-02 9.9161221e-11 5.3409093e-17 5.0120601e-13 9.1636039e-15
 1.0521258e-15 1.9794003e-07 1.4348311e-03 7.7096939e-02 4.1971382e-01
 2.5755717e-04 2.9779944e-12 4.4010091e-18 4.8924144e-22 7.5053279e-14
 3.5160252e-07 2.2637554e-02 3.8069439e-01 6.7611512e-07 3.8872980e-12
 7.7210620e-19 3.5920288e-24 8.2349912e-29 3.3031005e-26 1.1453041e-16
 7.0711588e-09 1.1485562e-21 5.4574777e-14 1.2257490e-06 1.0562734e-03
 4.6487560e-14]"
